,POI_id,trajectory_id,norm_in_day_time
0,4bbb88fee4529521d6d054a4,181_0,0.5
1,4c65c855e2ee9c746794312f,181_0,0.5
2,4cc5fbdd306e224bd829a66c,181_0,0.5
3,4b08c6faf964a5201f1223e3,181_1,0.5
4,4ad68321f964a5208e0721e3,181_1,0.5
5,49c9439bf964a5204e581fe3,181_1,0.5
9,4c44d61e429a0f478050491e,181_3,0.5
10,4aa68df2f964a5202a4a20e3,181_3,0.5
11,4aff3636f964a520ed3522e3,181_3,0.5
15,4b24227df964a520ea6124e3,181_5,0.5
16,4bcb54a23740b7132e426265,181_5,0.5
17,4a65a823f964a5208cc71fe3,181_5,0.5
18,4c8ac04852a98cfa84992fe9,181_6,0.5
19,4ad8fa6ef964a520ac1621e3,181_6,0.5
20,4e6e3d8f18380b4aac553e9f,181_6,0.5
21,4a83080ff964a520e1f91fe3,181_7,0.5
22,4c9285e26cfea093756eb28b,181_7,0.5
23,4be43a08bcef2d7f9b3a02e5,181_7,0.5
24,4afd6dcef964a520c52722e3,181_8,0.5
25,4bd1b96a77b29c7439118d82,181_8,0.5
26,49e4ec34f964a5206e631fe3,181_8,0.5
27,4d3260b2511760fc57f4e2bd,181_9,0.5
28,4b5668d6f964a520370f28e3,181_9,0.5
29,4a513b17f964a520d2b01fe3,181_9,0.5
42,3fd66200f964a52000e71ee3,181_14,0.5
43,4af8b51bf964a5204c0f22e3,181_14,0.5
44,4aedc59af964a520c3ce21e3,181_14,0.5
45,4cbca639adcd5481da8e2fa2,181_15,0.5
46,4be07f2798f2a5934c72c25a,181_15,0.5
47,4bea0d9f6295c9b6f70f8608,181_15,0.5
48,4ab2cd94f964a520756c20e3,181_16,0.5
49,4c896e121dcd199c41a04c1b,181_16,0.5
50,4ad7a8d9f964a520640d21e3,181_16,0.5
51,4dd27f5c1f6ef5f6ccd5df9c,181_17,0.5
52,4a7717adf964a5208ee31fe3,181_17,0.5
53,4e2de053a8092ca5c37048b0,181_17,0.5
54,4c08065b7c9ad13ab19e2c1e,181_18,0.5
55,4ed712f3b8f7e740d0bae0e0,181_18,0.5
56,4abd20f1f964a5209c8820e3,181_18,0.5
57,4d44eb661b62b1f78069f8e2,181_19,0.5
58,4add0473f964a520836321e3,181_19,0.5
59,42911d00f964a520f5231fe3,181_19,0.5
66,4a452221f964a520d8a71fe3,181_22,0.5
67,4c2603d9905a0f47456c6260,181_22,0.5
68,4cf15597899c6ea8f1f1efc1,181_22,0.5
72,412e7980f964a520f80c1fe3,181_24,0.5
73,4a70ef9cf964a520d0d81fe3,181_24,0.5
74,4ae8915df964a52079b021e3,181_24,0.5
78,4f8cacdbe4b0af04c3918a11,181_26,0.5
79,4b97bb2cf964a520541235e3,181_26,0.5
80,4de23e57e4cd056f743ea6f3,181_26,0.5
81,4ae6f117f964a520a6a721e3,181_27,0.5
82,4eddb3bc30f83fb7a09041b2,181_27,0.5
83,4bb52e252ea19521bd20aa2f,181_27,0.5
90,4c7c071181bca09382ee0415,181_30,0.5
91,4df1b62c52b100c2d7f339d5,181_30,0.5
92,4c4dcfb2fb742d7f792a592d,181_30,0.5
102,40bbc700f964a520a2001fe3,181_34,0.5
103,4b609138f964a5200cee29e3,181_34,0.5
104,49d3d4a7f964a5201a5c1fe3,181_34,0.5
114,477a3514f964a520214d1fe3,181_38,0.5
115,4f612184e4b01b3ebd898091,181_38,0.5
116,4b3bef0df964a520bb7e25e3,181_38,0.5
120,4af1ae9cf964a52026e221e3,181_40,0.5
121,4544401ff964a520623c1fe3,181_40,0.5
122,4ad78220f964a520960b21e3,181_40,0.5
123,4c4f5881eaa1be9abdf1c345,181_41,0.5
124,4a663f7cf964a52046c81fe3,181_41,0.5
125,4e3156877d8b9b256bca1e42,181_41,0.5
129,4b300112f964a52040f424e3,181_43,0.5
130,4adcf849f964a5200c6321e3,181_43,0.5
131,4c81086adc018cfaa883c16c,181_43,0.5
135,4e666a5f227168062a3b81bc,181_45,0.5
136,4fbfe16ae4b05190680fe0b1,181_45,0.5
137,4a3304bcf964a520f29a1fe3,181_45,0.5
138,4b14699bf964a520c7a223e3,181_46,0.5
139,4cbc63b976ad9c7435e5e7cb,181_46,0.5
140,4fc6d424e4b08f659ecd5278,181_46,0.5
144,4b0800f9f964a5202a0223e3,181_48,0.5
145,4b4c2b57f964a52029af26e3,181_48,0.5
146,3fd66200f964a52065eb1ee3,181_48,0.5
150,4f13f57d6d863f284d122cae,181_50,0.5
151,49e4a769f964a52015631fe3,181_50,0.5
152,4cdd4782df986ea8d785d416,181_50,0.5
153,452d6886f964a5204a3b1fe3,181_51,0.5
154,4b0e1598f964a520c85423e3,181_51,0.5
155,43e46531f964a520e82e1fe3,181_51,0.5
156,3fd66200f964a52042e81ee3,181_52,0.5
157,4cd584ca94848cfaa8dde6b1,181_52,0.5
158,4acfc371f964a520d2d520e3,181_52,0.5
168,4f5907cce4b08e27a131e60f,181_56,0.5
169,4af390e7f964a520a5ee21e3,181_56,0.5
170,4aee3aa5f964a5201bd321e3,181_56,0.5
171,4a58d0acf964a520f6b71fe3,181_57,0.5
172,4a9bc45ef964a5202f3520e3,181_57,0.5
173,4aaf803ef964a520376420e3,181_57,0.5
174,49d675c5f964a520d15c1fe3,181_58,0.5
175,42f00900f964a520b9261fe3,181_58,0.5
176,4c726993ad69b60cdc5183b9,181_58,0.5
177,4a652404f964a5205ec71fe3,181_59,0.5
178,4c5049b8f080a5932e9143e2,181_59,0.5
179,4b2d93a9f964a5201fd924e3,181_59,0.5
180,4c042894f423a593373ed116,181_60,0.5
181,4c0988846071a593f91cde32,181_60,0.5
182,4bafaa5df964a52066153ce3,181_60,0.5
183,4e54305d22710ebb5a878664,181_61,0.5
184,4f05d6a1e3002adb76a57deb,181_61,0.5
185,4b992b04f964a520726635e3,181_61,0.5
189,4b5923ecf964a5209e7e28e3,181_63,0.5
190,4bba7c08cf2fc9b6cba3a102,181_63,0.5
191,4d960605daec224beab30c3e,181_63,0.5
192,4e34cda5c65b2313e2877d7d,181_64,0.5
193,4b7f1473f964a520fb1430e3,181_64,0.5
194,4b4259d1f964a5201fd225e3,181_64,0.5
195,4b4f3d64f964a5206cfe26e3,964_65,0.5
196,49bed279f964a520e4541fe3,964_65,0.5
197,4d5f4ab6865a224b7c369d85,964_65,0.5
198,4b71f6d2f964a52012672de3,964_66,0.5
199,4c178be559cc2d7f1fc75287,964_66,0.5
200,4d5895ca16146a3169b15dc1,964_66,0.5
201,502e6bb9e4b00d67ee187a29,964_67,0.5
202,4b5c8c80f964a520ea3529e3,964_67,0.5
203,48c91543f964a520e4511fe3,964_67,0.5
207,4e899a7ff5b95970d4a7e27f,1039_69,0.5
208,4d9e7b18640b54812969cc2d,1039_69,0.5
209,4b5f0221f964a520fea129e3,1039_69,0.5
210,4fa86af4e4b04e4b0676ad8c,1039_70,0.5
211,4ee6e1970e61681b98844283,1039_70,0.5
212,4ac4efbff964a520a79f20e3,1039_70,0.5
213,4176fc00f964a520b61d1fe3,1039_71,0.5
214,4aaa4e0ef964a520ad5520e3,1039_71,0.5
215,4cf907ea3875b1f79311973c,1039_71,0.5
216,4c0a9f936071a593f3e4df32,1039_72,0.5
217,4a02d6f9f964a5206e711fe3,1039_72,0.5
218,4c65885618b676b006b0ab0e,1039_72,0.5
219,4ba50a3ef964a5204cd438e3,1039_73,0.5
220,49de2becf964a5202b601fe3,1039_73,0.5
221,4a01f87bf964a5201a711fe3,1039_73,0.5
222,4a624a38f964a520aac31fe3,339_74,0.5
223,4a523c9df964a5206cb11fe3,339_74,0.5
224,3fd66200f964a5209beb1ee3,339_74,0.5
228,3fd66200f964a5200ce91ee3,339_76,0.5
229,4bdad87c3904a593608d479e,339_76,0.5
230,4a72e5fef964a52050db1fe3,339_76,0.5
231,4d7fb76bdd4a6ea800ff7f25,1057_77,0.5
232,4a676435f964a52054c91fe3,1057_77,0.5
233,4e63eda6b3ad629a3a9d1309,1057_77,0.5
249,4e4955c0b61c6886484ccb2c,1057_83,0.5
250,4fcbb364e4b0871e0f1cc951,1057_83,0.5
251,4af23a4af964a520c2e621e3,1057_83,0.5
252,4ba14a5ef964a52092a937e3,1057_84,0.5
253,4ace6c89f964a52078d020e3,1057_84,0.5
254,4d75583efe1b721e9286b91f,1057_84,0.5
258,4b05f2bcf964a52063e622e3,982_86,0.5
259,4dfcf67a183853f2cb529325,982_86,0.5
260,41818800f964a520db1d1fe3,982_86,0.5
267,4c8bcae7c37a6dcb2c15f17a,982_89,0.5
268,4d9e5fb52052f04d07c8b494,982_89,0.5
269,4a35477cf964a520b79c1fe3,982_89,0.5
270,4a78c5fff964a52063e61fe3,982_90,0.5
271,44e39280f964a52045371fe3,982_90,0.5
272,4a3d29e6f964a520e6a11fe3,982_90,0.5
273,4ee78af729c29fa3f6a17695,982_91,0.5
274,4d61b919865a224bef72ba85,982_91,0.5
275,49a5746cf964a5209c521fe3,982_91,0.5
294,4cb9f7de0180721e426b9761,995_98,0.5
295,4a967ab2f964a520362620e3,995_98,0.5
296,4ec546395c5c09569ba970f6,995_98,0.5
297,3fd66200f964a52020e81ee3,995_99,0.5
298,4de087f5c65bcc724f42a314,995_99,0.5
299,4bae1d87f964a52011863be3,995_99,0.5
300,4c59a8bfb05c1b8d1f50d6b1,629_100,0.5
301,4b280e7cf964a520568e24e3,629_100,0.5
302,3fd66200f964a520c5f11ee3,629_100,0.5
303,4f4faefbe4b05c40d6e2174b,629_101,0.5
304,3fd66200f964a520d7f11ee3,629_101,0.5
305,4e26eba0149503e3719ae51d,629_101,0.5
306,4b68283bf964a5209c692be3,629_102,0.5
307,4a8e031cf964a520be1120e3,629_102,0.5
308,4a35a5f5f964a520439d1fe3,629_102,0.5
309,40fc6080f964a520250b1fe3,629_103,0.5
310,4858e6b4f964a520c0501fe3,629_103,0.5
311,4b77038bf964a5208b742ee3,629_103,0.5
315,4e7cb926d22d882fa2db3f06,528_105,0.5
316,4e538e2d22711d4da5bccef1,528_105,0.5
317,49f1e1c7f964a520bd691fe3,528_105,0.5
318,4bd62c5b5631c9b65383a530,528_106,0.5
319,4b1319b4f964a520189423e3,528_106,0.5
320,4d7cfb747498a1cd0d4087fc,528_106,0.5
321,4ddd27fe22713339cd2601e9,528_107,0.5
322,4b64b313f964a52059c92ae3,528_107,0.5
323,4aeb54a8f964a52006c121e3,528_107,0.5
324,434da380f964a520a4281fe3,528_108,0.5
325,4f984ef3e4b0a6559c7cc3c4,528_108,0.5
326,4e78746fd4c084f1c75db357,528_108,0.5
333,4aeda775f964a52003ce21e3,528_111,0.5
334,4b2b9539f964a520e0b724e3,528_111,0.5
335,4c4f5881eaa1be9abdf1c345,528_111,0.5
336,4b28e31df964a520ed9524e3,528_112,0.5
337,4e8684590aaf882b7042b9d7,528_112,0.5
338,4ae8915df964a52079b021e3,528_112,0.5
348,3fd66200f964a520a5e41ee3,528_116,0.5
349,4b919713f964a52006c833e3,528_116,0.5
350,3fd66200f964a520def11ee3,528_116,0.5
354,4da8800143a12d0c26532ae7,528_118,0.5
355,3fd66200f964a520daf11ee3,528_118,0.5
356,4ac13d5ff964a5205b9620e3,528_118,0.5
363,4aab7319f964a520935920e3,548_121,0.5
364,4a7b0f1af964a520e8e91fe3,548_121,0.5
365,4858e403f964a520bf501fe3,548_121,0.5
366,49e4df73f964a52062631fe3,548_122,0.5
367,4c5ef77bfff99c74eda954d3,548_122,0.5
368,4b240a1ff964a520b25f24e3,548_122,0.5
372,44d8c155f964a52079361fe3,548_124,0.5
373,49b79f54f964a5202c531fe3,548_124,0.5
374,4b96cb85f964a5200ce534e3,548_124,0.5
378,4c783a02bd346dcb8171f1ef,722_126,0.5
379,4b105b45f964a520916e23e3,722_126,0.5
380,4b574341f964a5200e2e28e3,722_126,0.5
381,3fd66200f964a52056ee1ee3,722_127,0.5
382,4df27e5ad22d8c5470da6596,722_127,0.5
383,4d384e769784a0931000dfe8,722_127,0.5
387,43c7878df964a520822d1fe3,722_129,0.5
388,4c9f07e00313370445d56ed5,722_129,0.5
389,4b015037f964a5200e4222e3,722_129,0.5
393,4c56f9c37329c928b9c48d80,722_131,0.5
394,4cac775536fa6dcb16abde78,722_131,0.5
395,4c783a02bd346dcb8171f1ef,722_131,0.5
396,4b300112f964a52040f424e3,722_132,0.5
397,4a64792df964a52034c61fe3,722_132,0.5
398,4a674aa8f964a5201fc91fe3,722_132,0.5
405,4efc81a1722e35df6719f43b,722_135,0.5
406,4e92d4e0dab4ec3b1eae6922,722_135,0.5
407,4c40f8ab520fa59343f3c8ac,722_135,0.5
408,4e56634545dd92275e4c30d9,722_136,0.5
409,49c170abf964a520a7551fe3,722_136,0.5
410,4cae57e81168a093c4c51923,722_136,0.5
414,4b92d391f964a5205c1f34e3,722_138,0.5
415,4b526d05f964a520ab7c27e3,722_138,0.5
416,4b5c7446f964a520ab3029e3,722_138,0.5
423,4f6125d6e4b08711dad5d68b,722_141,0.5
424,4e2de053a8092ca5c37048b0,722_141,0.5
425,3fd66200f964a520dbe81ee3,722_141,0.5
432,4c5bed609b28d13a854c5570,722_144,0.5
433,4ec27c885c5c3d470deb0904,722_144,0.5
434,4f6bd56de4b03cbd0ec369ee,722_144,0.5
453,3fd66200f964a520cce51ee3,722_151,0.5
454,4a9073c0f964a520f31720e3,722_151,0.5
455,4c1290c98aedd13a88515137,722_151,0.5
456,4e34c11c8877beb5e9a51fcb,722_152,0.5
457,4a34038ef964a520929b1fe3,722_152,0.5
458,49c6630ef964a5203d571fe3,722_152,0.5
459,40d77680f964a52059011fe3,722_153,0.5
460,49ef2af5f964a52084681fe3,722_153,0.5
461,4a299005f964a520a8951fe3,722_153,0.5
462,4bbd2747f57ba5936bccadb9,657_154,0.5
463,4e17a47b6284ea7246f0d87c,657_154,0.5
464,4d3f3c07cb84b60ce1527bab,657_154,0.5
474,4bd5f646cfa7b713c2c326da,657_158,0.5
475,40afe980f964a5203bf31ee3,657_158,0.5
476,3fd66200f964a520ace41ee3,657_158,0.5
480,4bbd8213a8cf76b0e5e9b1fd,657_160,0.5
481,4c360f57dfb0e21e706aaaa8,657_160,0.5
482,3fd66200f964a5202be41ee3,657_160,0.5
483,4bfdb21b8992a5939388acb0,657_161,0.5
484,4e666a5f227168062a3b81bc,657_161,0.5
485,43a72ba0f964a520672c1fe3,657_161,0.5
495,4fbc6f4fa17c3adc648083f2,657_165,0.5
496,4e00c3177d8beaa1649d7a7e,657_165,0.5
497,43cbf323f964a520c52d1fe3,657_165,0.5
498,4fc1a38ae4b099ce173a39d5,657_166,0.5
499,4b9e63dcf964a52069df36e3,657_166,0.5
500,4be767efd4f7c9b610e02720,657_166,0.5
504,4c5a10faf346c9284c464eca,657_168,0.5
505,4aedfe24f964a520fbd021e3,657_168,0.5
506,4a4821f5f964a52095aa1fe3,657_168,0.5
507,4c0431b8310fc9b671f9c661,657_169,0.5
508,4297b480f964a52062241fe3,657_169,0.5
509,423e0e80f964a52044201fe3,657_169,0.5
528,49e7ce15f964a5201d651fe3,657_176,0.5
529,4bfd0081bf6576b0cf91acb8,657_176,0.5
530,4f297e04a17c6fd5208ea108,657_176,0.5
543,45ebc90ef964a5208f431fe3,657_181,0.5
544,4af07830f964a52063dc21e3,657_181,0.5
545,4ad04456f964a520c7d720e3,657_181,0.5
546,4aa7a44ef964a520e44c20e3,657_182,0.5
547,4fc79283e4b0f64664f98a68,657_182,0.5
548,4e2add11e4cd3bc1668e61e3,657_182,0.5
549,4bc53e2b6c26b7139a26ebf3,657_183,0.5
550,4800619cf964a520ec4e1fe3,657_183,0.5
551,43d64177f964a5204c2e1fe3,657_183,0.5
552,4c64661286ea76b035290ebb,657_184,0.5
553,4ddc9302887775ea9c44a155,657_184,0.5
554,4ba64027f964a520283f39e3,657_184,0.5
555,4ac5273df964a520acb020e3,657_185,0.5
556,4aec28cdf964a5206bc521e3,657_185,0.5
557,4a416369f964a52036a51fe3,657_185,0.5
558,4eda1085f5b921398839dd94,657_186,0.5
559,4c896e121dcd199c41a04c1b,657_186,0.5
560,49c853f7f964a52015581fe3,657_186,0.5
570,4f97a579e4b075734624c95b,657_190,0.5
571,4283ee00f964a5209d221fe3,657_190,0.5
572,4b889d2ef964a5208a0432e3,657_190,0.5
579,4d2522feb9796dcb7e19a639,657_193,0.5
580,49b7ed6df964a52030531fe3,657_193,0.5
581,4d8fb54a6174a0932c9ae4e3,657_193,0.5
585,4c1fd342920076b03559c5e9,657_195,0.5
586,4fe8877fe4b0227be1256499,657_195,0.5
587,4e17c6cbc65b6bfb5908b462,657_195,0.5
597,4edac72c61af8a14b6d7f7a2,563_199,0.5
598,4f0f97e0e4b0fd294c8e429c,563_199,0.5
599,44ca1c8af964a520f6351fe3,563_199,0.5
600,50115c25e4b0073bcf08a4f2,563_200,0.5
601,4a617558f964a52071c21fe3,563_200,0.5
602,40d77680f964a52056011fe3,563_200,0.5
603,4ea6dd5fb8f7b8a60b6c4904,563_201,0.5
604,4e895343d5fbe29bfafc851c,563_201,0.5
605,4d9885ae647d8cfa23ccf03d,563_201,0.5
606,4a3df25ff964a520c2a21fe3,563_202,0.5
607,4bf5cedf4d5f20a1833d98fe,563_202,0.5
608,485e640df964a520d7501fe3,563_202,0.5
612,4bb64dbd6edc76b04cb9301c,563_204,0.5
613,43c922c9f964a520972d1fe3,563_204,0.5
614,4dd10cf4b0fb25f6e3817b33,563_204,0.5
615,4d90fce35091a1cdc365c701,563_205,0.5
616,4a35c715f964a5205e9d1fe3,563_205,0.5
617,4b4ddddff964a520c5d926e3,563_205,0.5
621,4ed6adfce5fabbd89f617d4f,563_207,0.5
622,3fd66200f964a52004e61ee3,563_207,0.5
623,3fd66200f964a5204ee41ee3,563_207,0.5
627,4b73ab13f964a520dbb72de3,582_209,0.5
628,4f28b918e4b0188938346690,582_209,0.5
629,46a9bed8f964a52054491fe3,582_209,0.5
639,4b5b2f71f964a52080e928e3,582_213,0.5
640,49bebdfbf964a520d4541fe3,582_213,0.5
641,4b868537f964a520bc8d31e3,582_213,0.5
642,4d061a21a2685481f219c0bd,582_214,0.5
643,488deef8f964a52058511fe3,582_214,0.5
644,4be9bd54415e20a19633e4bb,582_214,0.5
645,4ec7ef6a93ad41338d60c36a,582_215,0.5
646,4e5251eac65ba127fb300179,582_215,0.5
647,4b71f6c5f964a52010672de3,582_215,0.5
648,4c5049b8f080a5932e9143e2,582_216,0.5
649,4dee59e152b13dda25f627df,582_216,0.5
650,4a43c0aef964a520c6a61fe3,582_216,0.5
651,4ed020cb5c5c9528f8f2d34a,582_217,0.5
652,4bb7cb2d3db7b7133f92209a,582_217,0.5
653,4e7b9f93b61c001c6b38f13f,582_217,0.5
663,4b954535f964a520369934e3,582_221,0.5
664,4b265c27f964a520867a24e3,582_221,0.5
665,4a19c1def964a520497a1fe3,582_221,0.5
666,4b5752f9f964a5206d3128e3,582_222,0.5
667,4b1f3cccf964a520122524e3,582_222,0.5
668,4b6ccd06f964a52061552ce3,582_222,0.5
669,4b5b08c9f964a520f9df28e3,582_223,0.5
670,4c6773349cb82d7f87f593d2,582_223,0.5
671,42377700f964a52024201fe3,582_223,0.5
675,4fa2c66ae4b0dc1d01359ad5,582_225,0.5
676,4a69c63bf964a52006cc1fe3,582_225,0.5
677,4df2f04dd4c01ff6b2eaca87,582_225,0.5
678,4a833fa5f964a5207efa1fe3,582_226,0.5
679,4e93dfadd5fb27b8eadcc029,582_226,0.5
680,4a946ed7f964a520902120e3,582_226,0.5
684,4e558a3dd22d9b4ff4b61c4a,582_228,0.5
685,4459f9bff964a520e1321fe3,582_228,0.5
686,4c063ac9d3842d7f1c3fbf41,582_228,0.5
696,4eaf3e34722e4efd616ed4e1,582_232,0.5
697,4a5403b8f964a520f3b21fe3,582_232,0.5
698,4dab7425fa8cc764974da770,582_232,0.5
699,4e80010cf9f4c8c37f4c9ae7,582_233,0.5
700,3fd66200f964a520dce31ee3,582_233,0.5
701,4a43bcb7f964a520bba61fe3,582_233,0.5
702,40b68100f964a52085001fe3,582_234,0.5
703,4a79e11af964a520e0e71fe3,582_234,0.5
704,4c769e21b474a1cd737cbcbf,582_234,0.5
705,4b0afb9ef964a520192b23e3,582_235,0.5
706,4be5dfe9910020a13ea2d314,582_235,0.5
707,4e157437aeb733245ecf3a43,582_235,0.5
708,4cc59facb2beb1f7d1c6234c,582_236,0.5
709,4fb18686e4b0119ccdadc772,582_236,0.5
710,4dda977ad22d38ef4332c419,582_236,0.5
717,5029beafe4b07c2bad7d2ea9,582_239,0.5
718,4bd730f609ecb7131855467c,582_239,0.5
719,4c65e038b80abe9ab8a3cbe5,582_239,0.5
720,4c2271ee9085d13a1c5886cc,582_240,0.5
721,46d28fdff964a520544a1fe3,582_240,0.5
722,4a33eb53f964a5206a9b1fe3,582_240,0.5
723,49c9439bf964a5204e581fe3,582_241,0.5
724,4b8d2387f964a520dbe932e3,582_241,0.5
725,4cd3f20d9828b60cc31ad884,582_241,0.5
726,4edca47446907c1b45463ea5,582_242,0.5
727,4bae1d87f964a52011863be3,582_242,0.5
728,4f14a4cfe4b0380205e25399,582_242,0.5
729,4dbb2a900437955ec0104c46,582_243,0.5
730,4f64c9d7e4b0c65cc49a0711,582_243,0.5
731,4b992b04f964a520726635e3,582_243,0.5
735,4f7147c2e4b005ed80fa2d4f,582_245,0.5
736,4e691e82b9930387355c629d,582_245,0.5
737,4b422afbf964a5200bce25e3,582_245,0.5
747,4c66f1e5aebea5935aab74d0,400_249,0.5
748,40b68100f964a5207d001fe3,400_249,0.5
749,4af0e05cf964a520d7df21e3,400_249,0.5
750,4f8c0e19e4b0a95f96456d93,400_250,0.5
751,4aa52d50f964a520834720e3,400_250,0.5
752,4afefbe2f964a5207b3222e3,400_250,0.5
753,4addedeaf964a520646621e3,400_251,0.5
754,4b5744a9f964a520582e28e3,400_251,0.5
755,408c5100f964a520c6f21ee3,400_251,0.5
756,4dd6bbc6e4cd37c8939a2fb7,400_252,0.5
757,3fd66200f964a520d1e31ee3,400_252,0.5
758,4ee535472c5b5fc6cd1fd9d9,400_252,0.5
762,4a5d186ff964a5202bbd1fe3,400_254,0.5
763,4efe4280e300fdc0476cefdd,400_254,0.5
764,4cf7b98781cd6dcb7340830d,400_254,0.5
765,4dc936ef2271353fc8edaa31,530_255,0.5
766,4dca93f7b0fb9c8f8ae8691f,530_255,0.5
767,4bc8903115a7ef3bc2507bda,530_255,0.5
768,4bd39c8241b9ef3b3fab00e6,530_256,0.5
769,4ad74911f964a5203f0921e3,530_256,0.5
770,466bed66f964a520aa471fe3,530_256,0.5
774,46ff98a7f964a520234b1fe3,530_258,0.5
775,49c2df9cf964a5203b561fe3,530_258,0.5
776,4c42f926ce54e21e9b640d1a,530_258,0.5
777,4afa085df964a520311622e3,530_259,0.5
778,4afd738bf964a520e92722e3,530_259,0.5
779,44e247eaf964a52028371fe3,530_259,0.5
780,4a79f9bcf964a5201ee81fe3,530_260,0.5
781,4a70a76cf964a52017d81fe3,530_260,0.5
782,43c2d364f964a5204b2d1fe3,530_260,0.5
792,4ee65fa48b81bab285422aa2,434_264,0.5
793,4a676ff4f964a5206fc91fe3,434_264,0.5
794,4b5b78b4f964a520c40029e3,434_264,0.5
795,4e3156877d8b9b256bca1e42,434_265,0.5
796,4a4821f5f964a52095aa1fe3,434_265,0.5
797,4c2a8d772219c928d24ca348,434_265,0.5
816,4a395b07f964a5205f9f1fe3,434_272,0.5
817,4bd9e2225f34b713dde03579,434_272,0.5
818,49c64842f964a5202e571fe3,434_272,0.5
819,4d0451be0e49721eb58c707f,434_273,0.5
820,4a07ac6af964a5208f731fe3,434_273,0.5
821,4ad15b84f964a5202dde20e3,434_273,0.5
822,4ee0eb7f1081e7177cac10b0,936_274,0.5
823,4a9f0838f964a5204c3c20e3,936_274,0.5
824,4a078b2ff964a5207f731fe3,936_274,0.5
825,4750accef964a520b24c1fe3,936_275,0.5
826,4be57840910020a19af8d214,936_275,0.5
827,4e54e3a17d8b96cd06121e05,936_275,0.5
828,4e3b4b9052b1a04afefc156d,936_276,0.5
829,4c02ec6bf56c2d7f442f1c66,936_276,0.5
830,4bc4ac4cb492d13a755faa60,936_276,0.5
831,4aabdb37f964a520775a20e3,936_277,0.5
832,4a96a837f964a5207e2620e3,936_277,0.5
833,46936ee3f964a520d0481fe3,936_277,0.5
837,4b520135f964a520aa6027e3,936_279,0.5
838,4b02f734f964a520814b22e3,936_279,0.5
839,4d3ed116557d6dcb4c375244,936_279,0.5
843,4f722d6fe4b041c2f8e26ccc,936_281,0.5
844,427d5680f964a520a8211fe3,936_281,0.5
845,45ebc982f964a52091431fe3,936_281,0.5
846,49d0cb5ff964a520315b1fe3,936_282,0.5
847,49fe488ef964a5208a6f1fe3,936_282,0.5
848,4e5590b5814d6ce5cc849483,936_282,0.5
849,4b70b2e2f964a520562a2de3,936_283,0.5
850,48c91543f964a520e4511fe3,936_283,0.5
851,4c54e32d479fc9283143de93,936_283,0.5
870,4d34a091c6cba35dec2f357a,77_290,0.5
871,4d29d6d7849f37041b5b8241,77_290,0.5
872,4f5303dbe4b02cf6be81de21,77_290,0.5
873,4ecd10b67ee51c2d50c87209,77_291,0.5
874,4db9f3a50437ffd207981bfa,77_291,0.5
875,4a99bbcdf964a520223020e3,77_291,0.5
876,4b42a69ff964a52043d825e3,77_292,0.5
877,4df38937d1649c8a28e34ae3,77_292,0.5
878,4bbf3763006dc9b6252efc3f,77_292,0.5
879,47273fc8f964a520df4b1fe3,77_293,0.5
880,4c720c75ad69b60c14a982b9,77_293,0.5
881,4cf15597899c6ea8f1f1efc1,77_293,0.5
888,4cd95a235e1b721e58b23ed9,77_296,0.5
889,4b65168ff964a52091e32ae3,77_296,0.5
890,40749600f964a52051f21ee3,77_296,0.5
894,4a46542ff964a520afa81fe3,822_298,0.5
895,4e24577888774a43b786564c,822_298,0.5
896,3fd66200f964a52047e71ee3,822_298,0.5
900,45a51c02f964a520fa401fe3,822_300,0.5
901,4ec7ef6a93ad41338d60c36a,822_300,0.5
902,4f95cf8bd5fb282730b426c5,822_300,0.5
906,4a53d9a7f964a520c7b21fe3,181_302,0.5
907,4b69efa9f964a52014bd2be3,181_302,0.5
908,4b54d362f964a52058ce27e3,181_302,0.5
915,4cde4467c4f6a35de3f4c86c,181_305,0.5
916,4fa93241e4b02c573a9a87c9,181_305,0.5
917,4bdc4bfdfed22d7f649a57c9,181_305,0.5
918,3fd66200f964a5200fe41ee3,181_306,0.5
919,4c13a8c6b7b9c928d5dfa937,181_306,0.5
920,4ce6d1330f196dcb0a0f3aae,181_306,0.5
921,4aeedbe6f964a5206cd421e3,181_307,0.5
922,4fdb3139e4b03d026843b6b3,181_307,0.5
923,4e4dcaffbd41b76bef933358,181_307,0.5
927,4a95adabf964a520202420e3,181_309,0.5
928,408da280f964a520d8f21ee3,181_309,0.5
929,4ab9520bf964a520ef7e20e3,181_309,0.5
930,4dffc4c962e1fc1f12bef4f9,181_310,0.5
931,4f7042d4a17cff2ad64f4951,181_310,0.5
932,4eb9f83ccc21a9a7a1b2c579,181_310,0.5
942,4b3a1551f964a520e06025e3,181_314,0.5
943,4a19aaebf964a520307a1fe3,181_314,0.5
944,4a99bbcdf964a520223020e3,181_314,0.5
951,4de3cbd8e4cd056f74638556,181_317,0.5
952,4add9cebf964a520246521e3,181_317,0.5
953,4af3318cf964a5209ceb21e3,181_317,0.5
957,49c224c6f964a520e2551fe3,181_319,0.5
958,509817afc84c2e276bc2cd1f,181_319,0.5
959,4bbc407551b89c74ad3b872a,181_319,0.5
960,4ad494d5f964a5203ce820e3,181_320,0.5
961,49f4c2a2f964a5204c6b1fe3,181_320,0.5
962,44e247eaf964a52028371fe3,181_320,0.5
963,4840fef8f964a52031501fe3,181_321,0.5
964,4c138eb6f1e0b7136cab34bc,181_321,0.5
965,437d1980f964a520a82a1fe3,181_321,0.5
966,4ecd466e722eff7fff40736b,181_322,0.5
967,4c6ad75a9c76d13a452a4d0f,181_322,0.5
968,4a94318cf964a520b32020e3,181_322,0.5
975,4ed2ceed61af476c0b7c346d,181_325,0.5
976,4b021b27f964a520bf4722e3,181_325,0.5
977,4c7566d9604a370488958249,181_325,0.5
978,4c23e755f7ced13a3dfd216d,181_326,0.5
979,4b146314f964a5205da223e3,181_326,0.5
980,4a8ed014f964a520bd1220e3,181_326,0.5
987,4a464a63f964a520a3a81fe3,181_329,0.5
988,4bfac18f5317a593fd1c037f,181_329,0.5
989,4be63bdd910020a1452cd414,181_329,0.5
996,4b990014f964a5203b5b35e3,181_332,0.5
997,4eda64ced5fb8f213a5d740e,181_332,0.5
998,4df2c095d22d8c5470dba3ae,181_332,0.5
1002,4ad13502f964a5207fdd20e3,181_334,0.5
1003,4f451db1e4b0b5bea51b42c5,181_334,0.5
1004,4b4b82fef964a520a99e26e3,181_334,0.5
1008,42b9fb80f964a5209b251fe3,181_336,0.5
1009,4a149749f964a52055781fe3,181_336,0.5
1010,4d97d9d4a2c654810e77e453,181_336,0.5
1011,4bd7282e5631c9b6e315a730,181_337,0.5
1012,4c0e7b537189c928848fd8b6,181_337,0.5
1013,4b300112f964a52040f424e3,181_337,0.5
1017,4b0e9ae4f964a520e05823e3,181_339,0.5
1018,4a2946ddf964a5207a951fe3,181_339,0.5
1019,4a9e7463f964a520383a20e3,181_339,0.5
1020,4bf6e7534a67c9284ba522cf,181_340,0.5
1021,4a5a0495f964a520a4b91fe3,181_340,0.5
1022,4a785251f964a52063e51fe3,181_340,0.5
1023,49fe029cf964a5205d6f1fe3,181_341,0.5
1024,4ff9e53fe4b0734a7bd189e6,181_341,0.5
1025,4b457998f964a5201d0d26e3,181_341,0.5
1026,4c6f9028b5fe952146446111,181_342,0.5
1027,3fd66200f964a520f7e51ee3,181_342,0.5
1028,3fd66200f964a52088e51ee3,181_342,0.5
1044,4bfdb176b68d0f478e30e957,181_348,0.5
1045,4a78d49ef964a52087e61fe3,181_348,0.5
1046,40b68100f964a52085001fe3,181_348,0.5
1050,4137b400f964a520d01a1fe3,181_350,0.5
1051,4afc15ebf964a520cf1f22e3,181_350,0.5
1052,4d6c08809d7e2d437d2d26b3,181_350,0.5
1059,45b24bbef964a520a5411fe3,181_353,0.5
1060,4bbc407551b89c74ad3b872a,181_353,0.5
1061,3fd66200f964a52074e51ee3,181_353,0.5
1068,4b5fd95cf964a520b2ce29e3,181_356,0.5
1069,4d74eb5b1a8aa35d8a3e16a7,181_356,0.5
1070,4d7511de170ab1f70edcfc94,181_356,0.5
1071,4c1e31d5fcf8c9b61ad6ac0b,181_357,0.5
1072,4f5f99dfe4b0e5574bf9c3d1,181_357,0.5
1073,4a808da6f964a52097f51fe3,181_357,0.5
1077,4b1bd941f964a52019fe23e3,181_359,0.5
1078,3fd66200f964a52073e81ee3,181_359,0.5
1079,4a464a63f964a520a3a81fe3,181_359,0.5
1095,4e37e5de1838d056d2767a96,181_365,0.5
1096,4edd659e5c5c96a201ddd39f,181_365,0.5
1097,4b61a925f964a520231c2ae3,181_365,0.5
1098,4f984ef3e4b0a6559c7cc3c4,964_366,0.5
1099,4bf1ab8da09076b01fe829d4,964_366,0.5
1100,475847d3f964a520cb4c1fe3,964_366,0.5
1107,4e1f052645dd3be9c4793cef,964_369,0.5
1108,4d53a2c5a9378eec634eb2c4,964_369,0.5
1109,4a92bca8f964a520811d20e3,964_369,0.5
1110,4a5778a6f964a5202cb61fe3,1039_370,0.5
1111,4b054e0df964a520aa5722e3,1039_370,0.5
1112,49f15227f964a520a5691fe3,1039_370,0.5
1140,4f25dc11e4b063d402001061,1057_380,0.5
1141,4aa9386ef964a5208b5220e3,1057_380,0.5
1142,4c34d4e46f1fef3b6ff1ec3d,1057_380,0.5
1143,4f73bc94e4b0e33c0d2401bc,1057_381,0.5
1144,4a304695f964a52044991fe3,1057_381,0.5
1145,3fd66200f964a5201deb1ee3,1057_381,0.5
1146,4f2ffa32e4b0d337d684b2d3,1057_382,0.5
1147,4b054e0df964a520aa5722e3,1057_382,0.5
1148,4c925091ae45224bbd34ef97,1057_382,0.5
1158,4d633c7da45b548145c8ff2c,1057_386,0.5
1159,50612821e4b01a2daccdbbbc,1057_386,0.5
1160,4f2ac616e4b05997ed6584ef,1057_386,0.5
1170,4f4f7d0be4b0e5248142bc5f,982_390,0.5
1171,4e38769214959f85779f8375,982_390,0.5
1172,4f561f56e4b005c47ff07256,982_390,0.5
1188,4b6daa1cf964a52072842ce3,995_396,0.5
1189,4e38769214959f85779f8375,995_396,0.5
1190,4f48749de4b0e13229e306a7,995_396,0.5
1194,4bb64dbd6edc76b04cb9301c,995_398,0.5
1195,4ba64027f964a520283f39e3,995_398,0.5
1196,4eaa78cc4fc6d0cb8bbabcda,995_398,0.5
1200,3fd66200f964a52020e81ee3,995_400,0.5
1201,4b00a2abf964a520264022e3,995_400,0.5
1202,4c3df53e6faac9b6c48a0d76,995_400,0.5
1203,451d2920f964a5208d3a1fe3,629_401,0.5
1204,4d97d9d4a2c654810e77e453,629_401,0.5
1205,4a417310f964a52052a51fe3,629_401,0.5
1212,4adb6119f964a520a72621e3,629_404,0.5
1213,4c1a94bcb4e62d7f0c08d893,629_404,0.5
1214,4fa35553e4b0b487cc7af3fc,629_404,0.5
1215,4b5f3f33f964a520c8af29e3,629_405,0.5
1216,4da704334df0260c3e9e5da5,629_405,0.5
1217,4e5cba23183883e00c0c1b0a,629_405,0.5
1221,4aee2d2df964a520b6d221e3,528_407,0.5
1222,4ac3f3a5f964a520989d20e3,528_407,0.5
1223,4ee5f8aae30005f8b940b177,528_407,0.5
1224,4b265c27f964a520867a24e3,528_408,0.5
1225,49dcd96bf964a520b15f1fe3,528_408,0.5
1226,3fd66200f964a52036e41ee3,528_408,0.5
1227,4d069c5be350b60c7c428e42,528_409,0.5
1228,4a9fc4fbf964a520493d20e3,528_409,0.5
1229,49ee4554f964a52042681fe3,528_409,0.5
1230,49d2b43ef964a520cb5b1fe3,528_410,0.5
1231,4ae6363ef964a520aba521e3,528_410,0.5
1232,500aaf82e4b008129699926f,528_410,0.5
1236,4f7e62a3e4b043dab437a2ef,528_412,0.5
1237,4e7f79e9754afa2da1adec7f,528_412,0.5
1238,5023c6b1e4b078368584b678,528_412,0.5
1239,4ded9df9d164f9a5c67df34a,528_413,0.5
1240,4b28fd2af964a520039724e3,528_413,0.5
1241,4b8f2a2df964a520d94b33e3,528_413,0.5
1254,4b969644f964a520b4d634e3,528_418,0.5
1255,4f5df924e4b008b1589a3ef7,528_418,0.5
1256,4bc8f5db0687ef3b970ad9cc,528_418,0.5
1260,4ad3b47ef964a520c3e520e3,548_420,0.5
1261,4c56e1f3b7a31b8d70ea4eda,548_420,0.5
1262,4a6f67e3f964a52018d61fe3,548_420,0.5
1263,4c1836421436a593271a8d75,548_421,0.5
1264,4a5f5a54f964a52071bf1fe3,548_421,0.5
1265,4a95adabf964a520202420e3,548_421,0.5
1269,4ec4535b8b812a20648b2fa4,548_423,0.5
1270,3fd66200f964a52057e91ee3,548_423,0.5
1271,4a8c017df964a520dc0c20e3,548_423,0.5
1272,4a5dd98ef964a520c2bd1fe3,548_424,0.5
1273,4b4fd71df964a520401727e3,548_424,0.5
1274,4a732ac9f964a520b9db1fe3,548_424,0.5
1278,4c2b3c7c57a9c9b63a86f567,548_426,0.5
1279,475847d3f964a520cb4c1fe3,548_426,0.5
1280,4ada106af964a520ed1d21e3,548_426,0.5
1281,4d6de14329586dcb773eaaf1,722_427,0.5
1282,409ad180f964a520eff21ee3,722_427,0.5
1283,45b893e3f964a520cf411fe3,722_427,0.5
1287,4f316ef3e4b08a0e6d8189be,722_429,0.5
1288,4ac7a552f964a520c2b820e3,722_429,0.5
1289,4e1bb93518a8c65001f5b391,722_429,0.5
1296,4ed0428a0e61efa330ea2780,722_432,0.5
1297,4a673d8ef964a52007c91fe3,722_432,0.5
1298,4b9ad66cf964a520b6da35e3,722_432,0.5
1314,4b8d79a3f964a520effd32e3,722_438,0.5
1315,4cd58368886cb60c84668489,722_438,0.5
1316,50c0437f498ef71d06056bcd,722_438,0.5
1317,4ae5a028f964a52022a121e3,722_439,0.5
1318,4f2d903ae4b03caf52f66e41,722_439,0.5
1319,4bfc3c96d6f2c9b625e74ec8,722_439,0.5
1320,4b29234cf964a520779924e3,722_440,0.5
1321,4ad494d5f964a5203ce820e3,722_440,0.5
1322,4d7511de170ab1f70edcfc94,722_440,0.5
1323,4ae10ae7f964a520ce8421e3,722_441,0.5
1324,4b0afb9ef964a520192b23e3,722_441,0.5
1325,4bc620d7f360ef3b3532db2d,722_441,0.5
1335,4b186023f964a520bbd123e3,722_445,0.5
1336,4b4fc661f964a520ed1427e3,722_445,0.5
1337,4c5a2aa52091a593b6ec5ed0,722_445,0.5
1338,4fcc412ae4b09949e49201c8,722_446,0.5
1339,4c413809d7fad13a9f5607da,722_446,0.5
1340,4a4b9d1ef964a52080ac1fe3,722_446,0.5
1359,4c0ed3cad64c0f47d2dc285d,722_453,0.5
1360,4c4ca999b301b7130ad70789,722_453,0.5
1361,4e91bf4561afcfde2a59a226,722_453,0.5
1365,4b1c321ff964a520070424e3,657_455,0.5
1366,4a9ee901f964a520c03b20e3,657_455,0.5
1367,4e838ce193ad6c49304782dc,657_455,0.5
1374,4e271458149503e3719cd115,657_458,0.5
1375,45d1a484f964a520af421fe3,657_458,0.5
1376,4c37801edfb0e21e52e7aca8,657_458,0.5
1407,4e49e8d87d8b3dcca354c2be,657_469,0.5
1408,4ab9b7b0f964a520358020e3,657_469,0.5
1409,4c60271113791b8dafe44eaf,657_469,0.5
1419,4a998174f964a520b62e20e3,657_473,0.5
1420,4a8ae51ef964a520c10a20e3,657_473,0.5
1421,4b93f367f964a520565c34e3,657_473,0.5
1425,4e94b7510cd60d94b53c0bf2,657_475,0.5
1426,4f2bb40fe4b0571e1cccb3b6,657_475,0.5
1427,4bf81a008d30d13a4f1c0018,657_475,0.5
1428,4d9ca3097958f04d7c0004fa,657_476,0.5
1429,3fd66200f964a52024e41ee3,657_476,0.5
1430,4f79a81ae4b09489387bafb6,657_476,0.5
1431,4a6f3aa4f964a520add51fe3,657_477,0.5
1432,4f4226d47716e5cd5e9d4355,657_477,0.5
1433,4aca718ff964a520f6c120e3,657_477,0.5
1434,4b17d9a2f964a520d8c823e3,657_478,0.5
1435,43125000f964a52058271fe3,657_478,0.5
1436,4a60eb5ef964a52078c11fe3,657_478,0.5
1440,3fd66200f964a520b9e51ee3,657_480,0.5
1441,4731be8af964a520244c1fe3,657_480,0.5
1442,4bce6fa268f976b00e2a6683,657_480,0.5
1443,4cc701aa01fb236ab070baba,657_481,0.5
1444,4a7f4eb1f964a520a5f31fe3,657_481,0.5
1445,4abfcad8f964a5203b9220e3,657_481,0.5
1458,4bcefaa529d4b713cd51a9dc,657_486,0.5
1459,4c90005f3790199c16d8926b,657_486,0.5
1460,4ccf295f7b6854814e14baf8,657_486,0.5
1461,4ae0a415f964a5202e8121e3,657_487,0.5
1462,49ccb947f964a5208c591fe3,657_487,0.5
1463,4b48c4a8f964a520195626e3,657_487,0.5
1476,4ee03cc6d3e38ddb2a91672f,657_492,0.5
1477,4bba1bab7421a5936165c340,657_492,0.5
1478,4b6cba4cf964a5209e4f2ce3,657_492,0.5
1482,4b092864f964a5207a1423e3,657_494,0.5
1483,4ddc2d7dd22df17198f91630,657_494,0.5
1484,4a070b6ef964a5201d731fe3,657_494,0.5
1485,4b716ba6f964a520c2452de3,657_495,0.5
1486,4dc34fc7ae608779d1064ae9,657_495,0.5
1487,4c38bc1fae2da593c23701c6,657_495,0.5
1494,4b004499f964a520253c22e3,657_498,0.5
1495,4a99bbcdf964a520223020e3,657_498,0.5
1496,4fcd726ce4b0d49882078a21,657_498,0.5
1497,4d6fd49071d3a14384054250,657_499,0.5
1498,4bc3ba974cdfc9b634d39721,657_499,0.5
1499,4ab66100f964a520ce7620e3,657_499,0.5
1500,4d2f5ae2940137044fa1eeda,563_500,0.5
1501,4d5bf2d1590b224b809e9b6d,563_500,0.5
1502,4eadae0677c8cdc66d6d1e56,563_500,0.5
1503,4b9efd61f964a520b00e37e3,563_501,0.5
1504,4c3b49c54565e21eb775566a,563_501,0.5
1505,4b7b4ad9f964a520da5c2fe3,563_501,0.5
1509,4bf4b96898ac0f47a66464a8,563_503,0.5
1510,4c38e55118e72d7f094119f5,563_503,0.5
1511,4e344e75d22d86185a5fd1a8,563_503,0.5
1515,4b0dfed1f964a520a95323e3,563_505,0.5
1516,4b7d5797f964a52041b92fe3,563_505,0.5
1517,4bcca8b20687ef3bf0a7dfcc,563_505,0.5
1524,4bceec19cc8cd13a2001c5cf,563_508,0.5
1525,4b072e3ff964a520fff822e3,563_508,0.5
1526,4ae33a3df964a520f99121e3,563_508,0.5
1527,4c76b5e6947ca1cd1d144537,563_509,0.5
1528,40c10d00f964a520da001fe3,563_509,0.5
1529,434da380f964a520a5281fe3,563_509,0.5
1533,4b86ddcff964a520b0a231e3,582_511,0.5
1534,43222200f964a5209a271fe3,582_511,0.5
1535,4bfdf5cb2b83b7137cd2a998,582_511,0.5
1536,4cfaf868feec6dcba9c04336,582_512,0.5
1537,4f3c2aabe4b08b7acf7ff6ff,582_512,0.5
1538,4481ada4f964a52018341fe3,582_512,0.5
1539,4c700bc7d97fa143bac0f4ca,582_513,0.5
1540,4bc72ae7af07a593909c7e2d,582_513,0.5
1541,4edd2f0102d5244e33c13b05,582_513,0.5
1545,4b75af66f964a520e31c2ee3,582_515,0.5
1546,4ad3f445f964a5200ee720e3,582_515,0.5
1547,50612821e4b01a2daccdbbbc,582_515,0.5
1548,4cbcd763dd41a35d3beaf5a0,582_516,0.5
1549,4bc53e2b6c26b7139a26ebf3,582_516,0.5
1550,4e59832fd4c0ba8c119fe68b,582_516,0.5
1551,4bd63cad6798ef3b7ce9648d,582_517,0.5
1552,4e56cfc3aeb784cb898d51cb,582_517,0.5
1553,42756d80f964a5207d211fe3,582_517,0.5
1554,49e24ccbf964a52007621fe3,582_518,0.5
1555,4ba8b4fdf964a5209ee839e3,582_518,0.5
1556,4adc960bf964a520932d21e3,582_518,0.5
1557,4c862d52e602b1f71577bd7a,582_519,0.5
1558,4eba3331722edc0eaf1762bb,582_519,0.5
1559,4eefba8a0aaf9ae2825dbaeb,582_519,0.5
1560,4df2c095d22d8c5470dba3ae,582_520,0.5
1561,4e0977b87d8b2a0180676fa4,582_520,0.5
1562,4e56634545dd92275e4c30d9,582_520,0.5
1563,4e56cfc3aeb784cb898d51cb,582_521,0.5
1564,3fd66200f964a5203ee71ee3,582_521,0.5
1565,4bf6ef8b5efe2d7fd10d6834,582_521,0.5
1566,3fd66200f964a520d7e81ee3,582_522,0.5
1567,4b5749baf964a520782f28e3,582_522,0.5
1568,4a80aedff964a520e9f51fe3,582_522,0.5
1578,4c315e907cc0c9b688cbee9a,582_526,0.5
1579,46dd1429f964a5208d4a1fe3,582_526,0.5
1580,3fd66200f964a5200ae61ee3,582_526,0.5
1581,4f2312166aa3ce557949255f,582_527,0.5
1582,42d1b680f964a5200b261fe3,582_527,0.5
1583,4b4e69d9f964a520d2ec26e3,582_527,0.5
1587,4b0b1b41f964a520fd2c23e3,582_529,0.5
1588,4b11588cf964a520ab7a23e3,582_529,0.5
1589,4b070aa7f964a5200ef622e3,582_529,0.5
1590,4c427b03ce54e21ed5d50c1a,582_530,0.5
1591,4c3cfebb980320a1107a8be4,582_530,0.5
1592,4be88652947820a1e802b5db,582_530,0.5
1596,4c0f17e4d64c0f47d05a295d,582_532,0.5
1597,4ae20b16f964a5201b8a21e3,582_532,0.5
1598,4bad9f36f964a520875f3be3,582_532,0.5
1602,3fd66200f964a52056e71ee3,582_534,0.5
1603,4dab754b43a112819710e6c7,582_534,0.5
1604,4bdad87c3904a593608d479e,582_534,0.5
1605,4adb9b03f964a520552921e3,582_535,0.5
1606,4ddaf97b183802d5373be2eb,582_535,0.5
1607,4bd5f646cfa7b713c2c326da,582_535,0.5
1608,3fd66200f964a52042e81ee3,582_536,0.5
1609,49db721df964a520d35e1fe3,582_536,0.5
1610,4c748875db52b1f7188576dc,582_536,0.5
1614,4b4dd4b4f964a520d0d826e3,582_538,0.5
1615,3fd66200f964a52070e91ee3,582_538,0.5
1616,42829c80f964a5202f221fe3,582_538,0.5
1617,4c7c2e64aa3ba093dc0daa74,582_539,0.5
1618,4ed7f1b3f5b915cfe2dd4436,582_539,0.5
1619,48f1a197f964a52042521fe3,582_539,0.5
1620,49fe2f8af964a5207b6f1fe3,582_540,0.5
1621,4b7f0390f964a520611030e3,582_540,0.5
1622,43e371d2f964a520dd2e1fe3,582_540,0.5
1626,4c48875596abd13a1eae7401,582_542,0.5
1627,508fafa8e4b014dc93d7fe60,582_542,0.5
1628,4edd8695b6344371fa9a73cd,582_542,0.5
1629,4c427b03ce54e21ed5d50c1a,582_543,0.5
1630,4c1ea0038b3aa59396659c5f,582_543,0.5
1631,4b70b2e2f964a520562a2de3,582_543,0.5
1641,4adf2ccff964a520057821e3,582_547,0.5
1642,3fd66200f964a52098e51ee3,582_547,0.5
1643,4eb6abf55c5c5a532088e94a,582_547,0.5
1650,4a871b30f964a5209a0220e3,400_550,0.5
1651,49da5fa7f964a5207e5e1fe3,400_550,0.5
1652,4ca158382fb1a143f6880441,400_550,0.5
1659,4a660f0bf964a520eac71fe3,400_553,0.5
1660,4c6773349cb82d7f87f593d2,400_553,0.5
1661,3fd66200f964a520b7e41ee3,400_553,0.5
1671,50002274e4b0deb8db4eea3b,530_557,0.5
1672,4b80c844f964a520cb8b30e3,530_557,0.5
1673,4a809c7df964a520b2f51fe3,530_557,0.5
1674,4d95d384647d8cfa120ea93d,530_558,0.5
1675,4b4b3de3f964a520519526e3,530_558,0.5
1676,41e46880f964a520d41e1fe3,530_558,0.5
1677,4c77089c59a3236aa9aec018,530_559,0.5
1678,508eeca4e4b095c5d70b9a32,530_559,0.5
1679,4f4b98a3754aea0759155a7a,530_559,0.5
1680,49bebdfbf964a520d4541fe3,530_560,0.5
1681,4bf54a01cad2c9285dd69c99,530_560,0.5
1682,46caaf24f964a520244a1fe3,530_560,0.5
1683,42699000f964a5204a211fe3,530_561,0.5
1684,4ae316a5f964a520609021e3,530_561,0.5
1685,4e1e4ad845dd3be9c473415d,530_561,0.5
1686,4ba01908f964a520ca5937e3,530_562,0.5
1687,49c39ed6f964a52066561fe3,530_562,0.5
1688,4fb9831fe4b0eca6538628a2,530_562,0.5
1692,4f722d6fe4b041c2f8e26ccc,434_564,0.5
1693,3fd66200f964a520dce31ee3,434_564,0.5
1694,4e540e4018381367473717c8,434_564,0.5
1704,4c17d9974ff90f47a9890d49,434_568,0.5
1705,475bc01bf964a520d44c1fe3,434_568,0.5
1706,4b5a54c4f964a520cebd28e3,434_568,0.5
1716,4b82c757f964a5205de430e3,434_572,0.5
1717,3fd66200f964a52084e51ee3,434_572,0.5
1718,47048266f964a5204f4b1fe3,434_572,0.5
1725,4effed9930f899233269cb10,936_575,0.5
1726,4b72fa37f964a52082932de3,936_575,0.5
1727,4b570791f964a5207f2328e3,936_575,0.5
1734,4babd4a6f964a52039cd3ae3,936_578,0.5
1735,49bbf847f964a520ff531fe3,936_578,0.5
1736,4c1188aad917c92892f4b562,936_578,0.5
1749,4eb1907b775b7cb808f59881,936_583,0.5
1750,4a83377df964a52064fa1fe3,936_583,0.5
1751,4b072e3ff964a520fff822e3,936_583,0.5
1755,4af180a2f964a52027e121e3,936_585,0.5
1756,4a43a242f964a5209da61fe3,936_585,0.5
1757,4b5882e7f964a520665b28e3,936_585,0.5
1758,4f8c0e19e4b0a95f96456d93,936_586,0.5
1759,4c614e8512e5c928d935214c,936_586,0.5
1760,4bb0aa94f964a5206d533ce3,936_586,0.5
1761,4bcdd06768f976b00bd66483,936_587,0.5
1762,4b466b09f964a520452026e3,936_587,0.5
1763,4ede9c021081e487b52a214f,936_587,0.5
1764,4b25a38bf964a520dc7424e3,936_588,0.5
1765,4c632b6479d1e21ecdfad715,936_588,0.5
1766,42508380f964a520bb201fe3,936_588,0.5
1767,4a51088cf964a52079b01fe3,936_589,0.5
1768,3fd66200f964a52096eb1ee3,936_589,0.5
1769,4b61b0f4f964a520581d2ae3,936_589,0.5
1770,4a6a25c0f964a520b7cc1fe3,936_590,0.5
1771,4c0ed3cad64c0f47d2dc285d,936_590,0.5
1772,49db721df964a520d35e1fe3,936_590,0.5
1773,4be63bdd910020a1452cd414,77_591,0.5
1774,4af07830f964a52063dc21e3,77_591,0.5
1775,4ad3b47ef964a520c3e520e3,77_591,0.5
1776,507a100fe4b08ed647ed098b,77_592,0.5
1777,4e4d9f50aeb70f1284879d71,77_592,0.5
1778,4c6c3b1323c1a1cd5efc18cf,77_592,0.5
1779,4e6563b4091afcffda032627,77_593,0.5
1780,4eaa78cc4fc6d0cb8bbabcda,77_593,0.5
1781,4b4fa9faf964a520d00f27e3,77_593,0.5
1785,3fd66200f964a52008e91ee3,77_595,0.5
1786,4f0ba727e4b0261c937b8781,77_595,0.5
1787,4cc9a5760f7bef3b5f9c7fdd,77_595,0.5
1797,4bfdb176b68d0f478e30e957,822_599,0.5
1798,4c45d0eb2d3ec9b61ec630ae,822_599,0.5
1799,4c042894f423a593373ed116,822_599,0.5
