,Unnamed: 0,user_id,POI_id,latitude,longitude,UTC_time,trajectory_id,localtime,norm_in_day_time,POI_catid,POI_catid_code,POI_catname,label
0,22876.0,642.0,4d9a2f78d97ba1430b43336b,-73.971854320252,40.75230660947181,2023-05-32 00:12:00+00:00,642_7,2012-04-18 12:44:11,0.5,4bf58dd8d48988d100951735,1.0,NoCat,1.0
1,90696.0,642.0,4d9a2f78d97ba1430b43336b,-73.971854320252,40.75230660947181,2023-05-32 00:12:00+00:00,642_19,2012-05-31 15:58:44,0.5,4bf58dd8d48988d100951735,1.0,NoCat,1.0
2,44429.0,642.0,4d9a8aa6422ea1cd98f6e84c,-73.97536684912832,40.62098150778056,2023-05-32 00:12:00+00:00,642_13,2012-05-01 17:16:18,0.5,4bf58dd8d48988d100951735,1.0,NoCat,0.0
3,209969.0,642.0,4a5dd98ef964a520c2bd1fe3,-73.98849808812169,40.73784112293886,2023-05-32 00:12:00+00:00,642_35,2013-01-10 13:52:34,0.5,4bf58dd8d48988d100951735,1.0,NoCat,0.0
4,56749.0,445.0,4ddb05fb8877102e8a85cc02,-73.9464324937478,40.82709357391867,2023-05-32 00:12:00+00:00,445_33,2012-05-09 00:52:49,0.5,4bf58dd8d48988d100951735,1.0,NoCat,1.0
5,135893.0,445.0,4e19c38514957dc705e3c599,-73.94561737869883,40.82731769448724,2023-05-32 00:12:00+00:00,445_77,2012-07-17 02:16:38,0.5,4bf58dd8d48988d100951735,1.0,NoCat,1.0
6,181254.0,445.0,4840fe6bf964a52030501fe3,-73.99154663085938,40.75722129839836,2023-05-32 00:12:00+00:00,445_119,2012-11-22 10:51:46,0.5,4bf58dd8d48988d100951735,1.0,NoCat,0.0
7,153786.0,445.0,4c08065b7c9ad13ab19e2c1e,-73.94527296285732,40.80664996861591,2023-05-32 00:12:00+00:00,445_88,2012-09-05 07:54:44,0.5,4bf58dd8d48988d100951735,1.0,NoCat,0.0
8,120105.0,891.0,4ec1e417f5b9abc8bcde8598,-73.96537147003376,40.84637533928019,2023-05-32 00:12:00+00:00,891_49,2012-07-03 16:02:28,0.5,4bf58dd8d48988d100951735,1.0,NoCat,1.0
9,10555.0,891.0,4ec1e417f5b9abc8bcde8598,-73.96537147003376,40.84637533928019,2023-05-32 00:12:00+00:00,891_3,2012-04-11 18:04:32,0.5,4bf58dd8d48988d100951735,1.0,NoCat,1.0
10,109156.0,891.0,4b5b389ff964a5203fec28e3,-74.013542085886,40.81342911263693,2023-05-32 00:12:00+00:00,891_45,2012-06-13 17:32:02,0.5,4bf58dd8d48988d100951735,1.0,NoCat,0.0
11,31041.0,891.0,4840fef8f964a52031501fe3,-74.06779646873474,40.81143815229546,2023-05-32 00:12:00+00:00,891_13,2012-04-22 15:37:52,0.5,4bf58dd8d48988d100951735,1.0,NoCat,0.0
12,8130.0,803.0,4c955b3558d4b60c06d03129,-74.00367709397945,40.76067264603736,2023-05-32 00:12:00+00:00,803_1,2012-04-10 06:08:20,0.5,4bf58dd8d48988d100951735,1.0,NoCat,1.0
13,171690.0,803.0,4a65b705f964a5208fc71fe3,-74.01072978973389,40.77662552133105,2023-05-32 00:12:00+00:00,803_26,2012-11-05 19:10:33,0.5,4bf58dd8d48988d100951735,1.0,NoCat,1.0
14,601.0,803.0,4ab04eb9f964a520fe6620e3,-73.99165450210911,40.7260600748942,2023-05-32 00:12:00+00:00,803_0,2012-04-03 18:22:45,0.5,4bf58dd8d48988d100951735,1.0,NoCat,0.0
15,20301.0,803.0,42829c80f964a5206a221fe3,-73.97717535495758,40.75280620914171,2023-05-32 00:12:00+00:00,803_3,2012-04-17 06:40:08,0.5,4bf58dd8d48988d100951735,1.0,NoCat,0.0
16,106957.0,699.0,4ba0e0edf964a520138437e3,-73.98891,40.736676,2023-05-32 00:12:00+00:00,699_24,2012-06-12 08:45:17,0.5,4bf58dd8d48988d100951735,1.0,NoCat,1.0
17,88992.0,699.0,49e34b16f964a5206f621fe3,-73.99030208587646,40.73753501383214,2023-05-32 00:12:00+00:00,699_17,2012-05-29 16:21:58,0.5,4bf58dd8d48988d100951735,1.0,NoCat,1.0
18,21016.0,699.0,3fd66200f964a5206ce41ee3,-73.98822261680137,40.73771556288177,2023-05-32 00:12:00+00:00,699_3,2012-04-17 12:09:13,0.5,4bf58dd8d48988d100951735,1.0,NoCat,0.0
19,2023.0,699.0,4b8ecf45f964a520843833e3,-73.98869276046753,40.73559207942734,2023-05-32 00:12:00+00:00,699_0,2012-04-04 12:29:21,0.5,4bf58dd8d48988d100951735,1.0,NoCat,0.0
20,12532.0,1032.0,4f4c8043e4b0393385cf7b81,-74.065925,40.875788,2023-05-32 00:12:00+00:00,1032_7,2012-04-12 18:21:53,0.5,4bf58dd8d48988d100951735,1.0,NoCat,1.0
21,35.0,1032.0,4bf5cedf4d5f20a1833d98fe,-74.1507625579834,40.90105786688402,2023-05-32 00:12:00+00:00,1032_0,2012-04-03 13:18:54,0.5,4bf58dd8d48988d100951735,1.0,NoCat,0.0
22,61235.0,751.0,4d8cf0c55234a09063b5aabd,-74.00296,40.730121,2023-05-32 00:12:00+00:00,751_4,2012-05-11 17:00:31,0.5,4bf58dd8d48988d100951735,1.0,NoCat,1.0
23,5893.0,751.0,41005500f964a5204e0b1fe3,-73.98817096588479,40.666674206504105,2023-05-32 00:12:00+00:00,751_1,2012-04-08 16:18:40,0.5,4bf58dd8d48988d100951735,1.0,NoCat,1.0
24,98022.0,751.0,4d90ef861716a1430e6d6df7,-73.95522059339255,40.73670404816863,2023-05-32 00:12:00+00:00,751_7,2012-06-06 20:27:46,0.5,4bf58dd8d48988d100951735,1.0,NoCat,0.0
25,132433.0,751.0,49b15042f964a520d4521fe3,-74.007306,40.727612,2023-05-32 00:12:00+00:00,751_9,2012-07-13 12:17:09,0.5,4bf58dd8d48988d100951735,1.0,NoCat,0.0
26,17516.0,281.0,4c45d9df36d6a593d6716ca8,-74.16346213007058,40.74625307260463,2023-05-32 00:12:00+00:00,281_9,2012-04-15 06:47:10,0.5,4bf58dd8d48988d100951735,1.0,NoCat,1.0
27,100443.0,281.0,4b3a1551f964a520e06025e3,-74.14632914353639,40.79751876019981,2023-05-32 00:12:00+00:00,281_48,2012-06-08 10:48:16,0.5,4bf58dd8d48988d100951735,1.0,NoCat,1.0
28,2079.0,281.0,4b86ddcff964a520b0a231e3,-74.14106369018555,40.82991732677595,2023-05-32 00:12:00+00:00,281_0,2012-04-04 12:57:01,0.5,4bf58dd8d48988d100951735,1.0,NoCat,0.0
29,77662.0,281.0,4ae2bbfef964a520618f21e3,-74.15569284865651,40.74359479719192,2023-05-32 00:12:00+00:00,281_36,2012-05-21 07:14:23,0.5,4bf58dd8d48988d100951735,1.0,NoCat,0.0
30,117022.0,458.0,4f8c5995e4b00597a0fd48fe,-73.98262023925781,40.746736760718505,2023-05-32 00:12:00+00:00,458_75,2012-06-30 14:49:31,0.5,4bf58dd8d48988d100951735,1.0,NoCat,1.0
31,101253.0,458.0,4c26b50fa852c9287f33e76c,-73.90067338943481,40.64365659494853,2023-05-32 00:12:00+00:00,458_64,2012-06-08 18:29:49,0.5,4bf58dd8d48988d100951735,1.0,NoCat,1.0
32,33028.0,458.0,4b6c5958f964a5209e322ce3,-73.98639187027493,40.69372396558499,2023-05-32 00:12:00+00:00,458_21,2012-04-23 16:24:36,0.5,4bf58dd8d48988d100951735,1.0,NoCat,0.0
33,38886.0,458.0,4ae32263f964a520ca9021e3,-73.99032354354858,40.69277622390466,2023-05-32 00:12:00+00:00,458_25,2012-04-27 11:12:46,0.5,4bf58dd8d48988d100951735,1.0,NoCat,0.0
34,71895.0,752.0,4b61c5adf964a520c1212ae3,-74.07649656441112,40.91637850483696,2023-05-32 00:12:00+00:00,752_34,2012-05-16 17:32:49,0.5,4bf58dd8d48988d100951735,1.0,NoCat,1.0
35,120039.0,752.0,4b8baecef964a520d8a632e3,-74.18251991271973,40.68706536291219,2023-05-32 00:12:00+00:00,752_39,2012-07-03 15:02:12,0.5,4bf58dd8d48988d100951735,1.0,NoCat,0.0
36,13529.0,713.0,4a7f0913f964a5208af21fe3,-73.97662950724082,40.74365597019452,2023-05-32 00:12:00+00:00,713_3,2012-04-13 08:25:36,0.5,4bf58dd8d48988d100951735,1.0,NoCat,1.0
37,41477.0,713.0,49cf9381f964a520af5a1fe3,-73.95526897957147,40.78007502367464,2023-05-32 00:12:00+00:00,713_10,2012-04-28 15:00:02,0.5,4bf58dd8d48988d100951735,1.0,NoCat,1.0
38,21221.0,713.0,45c76421f964a52066421fe3,-73.98373696088365,40.744044646949455,2023-05-32 00:12:00+00:00,713_4,2012-04-17 13:35:07,0.5,4bf58dd8d48988d100951735,1.0,NoCat,0.0
39,100.0,713.0,45c76421f964a52066421fe3,-73.98373696088365,40.744044646949455,2023-05-32 00:12:00+00:00,713_0,2012-04-03 14:09:49,0.5,4bf58dd8d48988d100951735,1.0,NoCat,0.0
40,51494.0,706.0,4c13d7d482a3c9b68536fcf8,-73.97618293762207,40.76035821078917,2023-05-32 00:12:00+00:00,706_24,2012-05-05 18:01:12,0.5,4bf58dd8d48988d100951735,1.0,NoCat,1.0
41,17089.0,706.0,4b21e531f964a520424224e3,-73.98127257419128,40.75985135786464,2023-05-32 00:12:00+00:00,706_8,2012-04-14 20:25:19,0.5,4bf58dd8d48988d100951735,1.0,NoCat,1.0
42,56559.0,706.0,4bbf97b174a9a59311b9cef6,-73.97746744850399,40.76040471047908,2023-05-32 00:12:00+00:00,706_27,2012-05-08 21:21:59,0.5,4bf58dd8d48988d100951735,1.0,NoCat,0.0
43,28239.0,706.0,4ace6c89f964a52078d020e3,-73.87122,40.773839,2023-05-32 00:12:00+00:00,706_14,2012-04-20 23:33:20,0.5,4bf58dd8d48988d100951735,1.0,NoCat,0.0
44,8861.0,1005.0,4a4138ebf964a520f9a41fe3,-73.99821393811095,40.744742844980046,2023-05-32 00:12:00+00:00,1005_1,2012-04-10 18:02:06,0.5,4bf58dd8d48988d100951735,1.0,NoCat,1.0
45,105.0,1005.0,3fd66200f964a52004e61ee3,-73.9941164689654,40.72284169882771,2023-05-32 00:12:00+00:00,1005_0,2012-04-03 14:14:31,0.5,4bf58dd8d48988d100951735,1.0,NoCat,0.0
46,27589.0,784.0,4b422afbf964a5200bce25e3,-73.95202340155454,40.58532514916689,2023-05-32 00:12:00+00:00,784_5,2012-04-20 16:19:48,0.5,4bf58dd8d48988d100951735,1.0,NoCat,1.0
47,110761.0,784.0,4606214ef964a520c6441fe3,-73.93951538728527,40.58414368954832,2023-05-32 00:12:00+00:00,784_37,2012-06-16 18:10:39,0.5,4bf58dd8d48988d100951735,1.0,NoCat,1.0
48,50022.0,784.0,3fd66200f964a5200ae61ee3,-74.00061269591029,40.72988845526377,2023-05-32 00:12:00+00:00,784_16,2012-05-05 00:17:01,0.5,4bf58dd8d48988d100951735,1.0,NoCat,0.0
49,94641.0,784.0,4c0159c558dbc928a32eee6b,-73.94781236666667,40.583875,2023-05-32 00:12:00+00:00,784_33,2012-06-04 07:05:51,0.5,4bf58dd8d48988d100951735,1.0,NoCat,0.0
50,47458.0,623.0,4f73bc94e4b0e33c0d2401bc,-73.98317223921723,40.7251711375904,2023-05-32 00:12:00+00:00,623_22,2012-05-03 22:40:24,0.5,4bf58dd8d48988d100951735,1.0,NoCat,1.0
51,55057.0,623.0,49e4a677f964a52014631fe3,-73.99068489671282,40.70234499714752,2023-05-32 00:12:00+00:00,623_25,2012-05-08 09:04:51,0.5,4bf58dd8d48988d100951735,1.0,NoCat,1.0
52,25576.0,623.0,4aa868abf964a520295120e3,-73.98379780455603,40.73907152609708,2023-05-32 00:12:00+00:00,623_11,2012-04-19 18:49:11,0.5,4bf58dd8d48988d100951735,1.0,NoCat,0.0
53,38613.0,623.0,49f76cc2f964a5209d6c1fe3,-74.16483829470191,40.73420076077984,2023-05-32 00:12:00+00:00,623_19,2012-04-27 08:43:21,0.5,4bf58dd8d48988d100951735,1.0,NoCat,0.0
54,23126.0,615.0,4ec56c366c254debeb50c1c4,-73.99080514490619,40.73506258918989,2023-05-32 00:12:00+00:00,615_12,2012-04-18 15:02:40,0.5,4bf58dd8d48988d100951735,1.0,NoCat,1.0
55,44799.0,615.0,5037f91716483e7c34e865a0,-74.01094436645508,40.70901126835032,2023-05-32 00:12:00+00:00,615_24,2012-05-01 19:55:37,0.5,4bf58dd8d48988d100951735,1.0,NoCat,1.0
56,15588.0,615.0,4ae5e447f964a520eca221e3,-73.96765871566664,40.76275135232567,2023-05-32 00:12:00+00:00,615_7,2012-04-14 09:12:34,0.5,4bf58dd8d48988d100951735,1.0,NoCat,0.0
57,27307.0,615.0,4a19d10ff964a520597a1fe3,-73.981107,40.759272,2023-05-32 00:12:00+00:00,615_14,2012-04-20 13:47:38,0.5,4bf58dd8d48988d100951735,1.0,NoCat,0.0
58,71540.0,173.0,4f7044e3e4b0e0075d0dcd1f,-73.88538698372311,40.76096605157223,2023-05-32 00:12:00+00:00,173_29,2012-05-16 14:16:31,0.5,4bf58dd8d48988d100951735,1.0,NoCat,1.0
59,64747.0,173.0,4faf2643e4b0604808298cc7,-73.98527275329975,40.73752277959516,2023-05-32 00:12:00+00:00,173_26,2012-05-13 11:04:47,0.5,4bf58dd8d48988d100951735,1.0,NoCat,0.0
60,72549.0,272.0,4a9ac075f964a5207b3220e3,-73.78684043884277,40.640888674046494,2023-05-32 00:12:00+00:00,272_12,2012-05-16 22:49:01,0.5,4bf58dd8d48988d100951735,1.0,NoCat,1.0
61,26816.0,272.0,4f318c84e5e8657f88d830ac,-73.79252672195435,40.725730202803845,2023-05-32 00:12:00+00:00,272_3,2012-04-20 09:28:05,0.5,4bf58dd8d48988d100951735,1.0,NoCat,1.0
62,36015.0,272.0,4a652404f964a5205ec71fe3,-73.79473686218262,40.721664700472566,2023-05-32 00:12:00+00:00,272_5,2012-04-25 10:38:12,0.5,4bf58dd8d48988d100951735,1.0,NoCat,0.0
63,64449.0,272.0,4a652404f964a5205ec71fe3,-73.79473686218262,40.721664700472566,2023-05-32 00:12:00+00:00,272_9,2012-05-13 07:08:21,0.5,4bf58dd8d48988d100951735,1.0,NoCat,0.0
64,16428.0,667.0,4e220e09ae6015b212acbc5b,-74.1885824928771,40.917332043073934,2023-05-32 00:12:00+00:00,667_8,2012-04-14 16:03:42,0.5,4bf58dd8d48988d100951735,1.0,NoCat,1.0
65,29607.0,667.0,4e3cb594fa76455375af1684,-74.11812337576457,40.927146635512806,2023-05-32 00:12:00+00:00,667_15,2012-04-21 19:37:59,0.5,4bf58dd8d48988d100951735,1.0,NoCat,1.0
66,35196.0,667.0,4b4e4b71f964a5206de826e3,-74.08042430877686,40.91464765433098,2023-05-32 00:12:00+00:00,667_18,2012-04-24 18:06:52,0.5,4bf58dd8d48988d100951735,1.0,NoCat,0.0
67,46902.0,667.0,4bc4946db492d13a0835aa60,-74.21217441558838,40.88227406571999,2023-05-32 00:12:00+00:00,667_25,2012-05-03 17:49:14,0.5,4bf58dd8d48988d100951735,1.0,NoCat,0.0
68,90916.0,335.0,4ed2ceed61af476c0b7c346d,-73.90658830179062,40.660187498578246,2023-05-32 00:12:00+00:00,335_34,2012-05-31 17:38:36,0.5,4bf58dd8d48988d100951735,1.0,NoCat,1.0
69,57825.0,335.0,4c7acd1cbd346dcb19adf9ef,-73.95217264328431,40.58685478299066,2023-05-32 00:12:00+00:00,335_24,2012-05-09 13:09:12,0.5,4bf58dd8d48988d100951735,1.0,NoCat,1.0
70,65469.0,335.0,4b868537f964a520bc8d31e3,-73.95034790039062,40.5847565470127,2023-05-32 00:12:00+00:00,335_25,2012-05-13 17:05:07,0.5,4bf58dd8d48988d100951735,1.0,NoCat,0.0
71,93275.0,335.0,4a43bcb7f964a520bba61fe3,-73.99656772613525,40.705953265881305,2023-05-32 00:12:00+00:00,335_35,2012-06-03 10:07:51,0.5,4bf58dd8d48988d100951735,1.0,NoCat,0.0
72,34914.0,688.0,4cdc8c7699026dcb4a0c1481,-73.98402736930704,40.744047317914,2023-05-32 00:12:00+00:00,688_6,2012-04-24 15:07:47,0.5,4bf58dd8d48988d100951735,1.0,NoCat,1.0
73,44031.0,688.0,4459d2f1f964a520d7321fe3,-74.17938709259033,40.68968493541091,2023-05-32 00:12:00+00:00,688_8,2012-05-01 13:49:20,0.5,4bf58dd8d48988d100951735,1.0,NoCat,1.0
74,159261.0,688.0,49cbb6f9f964a5200f591fe3,-73.97692322731018,40.758017730590645,2023-05-32 00:12:00+00:00,688_30,2012-10-11 15:55:22,0.5,4bf58dd8d48988d100951735,1.0,NoCat,0.0
75,109464.0,688.0,4fccfed41081ba9a64ce9613,-73.99995803833008,40.73471408208615,2023-05-32 00:12:00+00:00,688_21,2012-06-13 20:20:29,0.5,4bf58dd8d48988d100951735,1.0,NoCat,0.0
76,160428.0,246.0,49f35e1ef964a520946a1fe3,-73.96217731622924,40.75918262141176,2023-05-32 00:12:00+00:00,246_34,2012-10-12 19:15:07,0.5,4bf58dd8d48988d100951735,1.0,NoCat,1.0
77,177399.0,246.0,4bf85bee508c0f476b693e31,-73.96144262467183,40.75895989122274,2023-05-32 00:12:00+00:00,246_41,2012-11-16 18:45:44,0.5,4bf58dd8d48988d100951735,1.0,NoCat,1.0
78,52319.0,246.0,49b7ed6df964a52030531fe3,-73.98626804351807,40.756489872673846,2023-05-32 00:12:00+00:00,246_15,2012-05-06 16:22:52,0.5,4bf58dd8d48988d100951735,1.0,NoCat,0.0
79,167305.0,246.0,4b9ffda2f964a5206c5037e3,-73.9820531034839,40.75809655681089,2023-05-32 00:12:00+00:00,246_36,2012-10-26 22:35:34,0.5,4bf58dd8d48988d100951735,1.0,NoCat,0.0
80,25288.0,195.0,4bed50be91380f47b4af9f18,-73.982092,40.778504,2023-05-32 00:12:00+00:00,195_3,2012-04-19 17:01:23,0.5,4bf58dd8d48988d100951735,1.0,NoCat,1.0
81,28265.0,195.0,4ab6ba92f964a520c27820e3,-73.990818,40.7608782375,2023-05-32 00:12:00+00:00,195_4,2012-04-20 23:52:22,0.5,4bf58dd8d48988d100951735,1.0,NoCat,1.0
82,59545.0,195.0,3fd66200f964a520f6e61ee3,-74.00212123990059,40.73369431021343,2023-05-32 00:12:00+00:00,195_7,2012-05-10 21:32:01,0.5,4bf58dd8d48988d100951735,1.0,NoCat,0.0
83,84319.0,195.0,4c9bb662e9a7ef3bd0ed2e16,-73.9870174251268,40.76421262848506,2023-05-32 00:12:00+00:00,195_8,2012-05-26 22:46:00,0.5,4bf58dd8d48988d100951735,1.0,NoCat,0.0
84,63575.0,951.0,451d2920f964a5208d3a1fe3,-73.98907899856567,40.75699374459088,2023-05-32 00:12:00+00:00,951_31,2012-05-12 18:15:39,0.5,4bf58dd8d48988d100951735,1.0,NoCat,1.0
85,58350.0,951.0,4ae6258af964a52013a521e3,-73.95842347218186,40.81554068461798,2023-05-32 00:12:00+00:00,951_27,2012-05-09 20:11:21,0.5,4bf58dd8d48988d100951735,1.0,NoCat,1.0
86,140009.0,951.0,439c437bf964a520f02b1fe3,-73.985457,40.758328,2023-05-32 00:12:00+00:00,951_72,2012-07-27 22:10:02,0.5,4bf58dd8d48988d100951735,1.0,NoCat,0.0
87,99255.0,951.0,49e4c784f964a52040631fe3,-73.98612787403783,40.75510830612326,2023-05-32 00:12:00+00:00,951_51,2012-06-07 13:58:32,0.5,4bf58dd8d48988d100951735,1.0,NoCat,0.0
88,19857.0,371.0,4e1a3fb62271b0e9720dd7f2,-73.78896894871082,40.78168478226392,2023-05-32 00:12:00+00:00,371_11,2012-04-16 14:46:35,0.5,4bf58dd8d48988d100951735,1.0,NoCat,1.0
89,89652.0,371.0,4ed712f3b8f7e740d0bae0e0,-73.78896894871082,40.78168478226392,2023-05-32 00:12:00+00:00,371_48,2012-05-29 22:18:35,0.5,4bf58dd8d48988d100951735,1.0,NoCat,1.0
90,15494.0,371.0,4f1022a5e4b047204346ad31,-73.9859676361084,40.75553088008716,2023-05-32 00:12:00+00:00,371_9,2012-04-14 07:55:23,0.5,4bf58dd8d48988d100951735,1.0,NoCat,0.0
91,27425.0,371.0,4f47ffbae4b0d637408e1382,-73.9854621427848,40.752043933832766,2023-05-32 00:12:00+00:00,371_16,2012-04-20 14:58:27,0.5,4bf58dd8d48988d100951735,1.0,NoCat,0.0
92,148852.0,185.0,4f1a558ae4b0d7904185f778,-74.06288376421803,40.96541694223362,2023-05-32 00:12:00+00:00,185_100,2012-08-14 05:16:15,0.5,4bf58dd8d48988d100951735,1.0,NoCat,1.0
93,192385.0,185.0,4ea4acaab80355a982afff79,-74.06283213352812,40.96533885740628,2023-05-32 00:12:00+00:00,185_155,2012-12-08 21:36:37,0.5,4bf58dd8d48988d100951735,1.0,NoCat,1.0
94,91797.0,185.0,4b8baecef964a520d8a632e3,-74.18251991271973,40.68706536291219,2023-05-32 00:12:00+00:00,185_58,2012-06-01 13:19:27,0.5,4bf58dd8d48988d100951735,1.0,NoCat,0.0
95,205929.0,185.0,4bf81a008d30d13a4f1c0018,-74.15183544158936,40.70644125441471,2023-05-32 00:12:00+00:00,185_179,2013-01-03 14:51:01,0.5,4bf58dd8d48988d100951735,1.0,NoCat,0.0
96,39302.0,559.0,4af609c9f964a520770022e3,-73.93841743469238,40.84884583332301,2023-05-32 00:12:00+00:00,559_9,2012-04-27 14:39:10,0.5,4bf58dd8d48988d100951735,1.0,NoCat,1.0
97,47010.0,559.0,4a902fa5f964a520671620e3,-73.98287380365903,40.767614327003976,2023-05-32 00:12:00+00:00,559_10,2012-05-03 18:29:37,0.5,4bf58dd8d48988d100951735,1.0,NoCat,1.0
98,20011.0,559.0,4bab157bf964a52067943ae3,-73.93421173095703,40.74488350771816,2023-05-32 00:12:00+00:00,559_3,2012-04-16 16:13:09,0.5,4bf58dd8d48988d100951735,1.0,NoCat,0.0
99,2073.0,559.0,4b92a503f964a520160d34e3,-73.93913651788439,40.84350462709147,2023-05-32 00:12:00+00:00,559_0,2012-04-04 12:55:32,0.5,4bf58dd8d48988d100951735,1.0,NoCat,0.0
100,189287.0,529.0,4b02c41cf964a520c14922e3,-74.00208234786987,40.7117844949098,2023-05-32 00:12:00+00:00,529_89,2012-12-05 12:52:20,0.5,4bf58dd8d48988d100951735,1.0,NoCat,1.0
101,56544.0,529.0,4e0977b87d8b2a0180676fa4,-73.82426211435131,40.836080595143486,2023-05-32 00:12:00+00:00,529_30,2012-05-08 21:04:21,0.5,4bf58dd8d48988d100951735,1.0,NoCat,1.0
102,18073.0,529.0,4c3d106fb169c9b6d3a24668,-74.0418004989624,40.72813686316017,2023-05-32 00:12:00+00:00,529_9,2012-04-15 12:54:20,0.5,4bf58dd8d48988d100951735,1.0,NoCat,0.0
103,49378.0,529.0,49e7ce15f964a5201d651fe3,-74.01538906944295,40.7148694149892,2023-05-32 00:12:00+00:00,529_25,2012-05-04 18:42:03,0.5,4bf58dd8d48988d100951735,1.0,NoCat,0.0
104,135533.0,1044.0,49de0156f964a52021601fe3,-73.93914699554443,40.805144639820114,2023-05-32 00:12:00+00:00,1044_48,2012-07-16 18:18:32,0.5,4bf58dd8d48988d100951735,1.0,NoCat,1.0
105,6611.0,1044.0,4ad78220f964a520960b21e3,-74.00755405426025,40.71037756449118,2023-05-32 00:12:00+00:00,1044_2,2012-04-09 10:11:52,0.5,4bf58dd8d48988d100951735,1.0,NoCat,1.0
106,148424.0,1044.0,4ae6363ef964a520aba521e3,-73.9934992790222,40.75051626137434,2023-05-32 00:12:00+00:00,1044_53,2012-08-13 16:49:32,0.5,4bf58dd8d48988d100951735,1.0,NoCat,0.0
107,105279.0,1044.0,4ae6363ef964a520aba521e3,-73.9934992790222,40.75051626137434,2023-05-32 00:12:00+00:00,1044_33,2012-06-11 07:13:08,0.5,4bf58dd8d48988d100951735,1.0,NoCat,0.0
108,183448.0,572.0,49d012ecf964a520fc5a1fe3,-73.95646042374283,40.77138107266706,2023-05-32 00:12:00+00:00,572_16,2012-11-25 22:09:10,0.5,4bf58dd8d48988d100951735,1.0,NoCat,1.0
109,63926.0,572.0,4901ef67f964a5205b521fe3,-73.99171,40.673615,2023-05-32 00:12:00+00:00,572_6,2012-05-12 21:11:03,0.5,4bf58dd8d48988d100951735,1.0,NoCat,1.0
110,141071.0,572.0,4fe0eda4e4b0085f8737a2cc,-73.95330343264526,40.77539161793283,2023-05-32 00:12:00+00:00,572_14,2012-07-28 21:09:24,0.5,4bf58dd8d48988d100951735,1.0,NoCat,0.0
111,38269.0,572.0,4afefbe2f964a5207b3222e3,-74.00562286376953,40.75944803383743,2023-05-32 00:12:00+00:00,572_2,2012-04-27 06:11:51,0.5,4bf58dd8d48988d100951735,1.0,NoCat,0.0
112,33526.0,1026.0,4baf25ecf964a520b1ed3be3,-73.8930669417162,40.82406998798592,2023-05-32 00:12:00+00:00,1026_6,2012-04-23 20:40:41,0.5,4bf58dd8d48988d100951735,1.0,NoCat,1.0
113,96659.0,1026.0,4b509489f964a520272827e3,-74.0104484362781,40.70986036314217,2023-05-32 00:12:00+00:00,1026_12,2012-06-06 08:11:18,0.5,4bf58dd8d48988d100951735,1.0,NoCat,1.0
114,87891.0,1026.0,4b7de017f964a52049d82fe3,-74.01115998713983,40.71077715245463,2023-05-32 00:12:00+00:00,1026_11,2012-05-29 06:41:53,0.5,4bf58dd8d48988d100951735,1.0,NoCat,0.0
115,43889.0,1026.0,3fd66200f964a520def11ee3,-73.99040315158283,40.73528249691621,2023-05-32 00:12:00+00:00,1026_8,2012-05-01 12:31:44,0.5,4bf58dd8d48988d100951735,1.0,NoCat,0.0
116,45708.0,125.0,4a4821f5f964a52095aa1fe3,-74.01128768920898,40.76117085825042,2023-05-32 00:12:00+00:00,125_6,2012-05-03 07:54:24,0.5,4bf58dd8d48988d100951735,1.0,NoCat,1.0
117,47950.0,125.0,4a4821f5f964a52095aa1fe3,-74.01128768920898,40.76117085825042,2023-05-32 00:12:00+00:00,125_7,2012-05-04 07:51:01,0.5,4bf58dd8d48988d100951735,1.0,NoCat,1.0
118,60252.0,125.0,451287ebf964a520a1391fe3,-74.00285074427426,40.74137657428209,2023-05-32 00:12:00+00:00,125_9,2012-05-11 08:26:32,0.5,4bf58dd8d48988d100951735,1.0,NoCat,0.0
119,141987.0,125.0,4161e400f964a520721d1fe3,-73.98071587121497,40.759977459293175,2023-05-32 00:12:00+00:00,125_12,2012-07-29 18:48:56,0.5,4bf58dd8d48988d100951735,1.0,NoCat,0.0
120,141133.0,715.0,42055e00f964a520681f1fe3,-73.9868969055432,40.76415461906297,2023-05-32 00:12:00+00:00,715_13,2012-07-28 22:24:29,0.5,4bf58dd8d48988d100951735,1.0,NoCat,1.0
121,89280.0,715.0,4f0f97e0e4b0fd294c8e429c,-73.9894392788162,40.76275282248875,2023-05-32 00:12:00+00:00,715_11,2012-05-29 18:17:55,0.5,4bf58dd8d48988d100951735,1.0,NoCat,1.0
122,62693.0,715.0,4bbc92b02d9ea593e9bca0ce,-74.00542733678141,40.74056693596161,2023-05-32 00:12:00+00:00,715_8,2012-05-12 11:59:54,0.5,4bf58dd8d48988d100951735,1.0,NoCat,0.0
123,1759.0,715.0,42af6f80f964a5205a251fe3,-73.975419,40.75231,2023-05-32 00:12:00+00:00,715_0,2012-04-04 09:55:04,0.5,4bf58dd8d48988d100951735,1.0,NoCat,0.0
124,35688.0,57.0,49b6d0b4f964a52012531fe3,-73.98690838360204,40.74050711736373,2023-05-32 00:12:00+00:00,57_2,2012-04-25 08:00:42,0.5,4bf58dd8d48988d100951735,1.0,NoCat,1.0
125,41248.0,57.0,4bc490c7b492d13af22eaa60,-73.92549098547816,40.828413358858334,2023-05-32 00:12:00+00:00,57_3,2012-04-28 13:14:58,0.5,4bf58dd8d48988d100951735,1.0,NoCat,0.0
126,34126.0,296.0,4b9e71d0f964a52065e436e3,-73.98677064685069,40.752522706592416,2023-05-32 00:12:00+00:00,296_5,2012-04-24 07:43:03,0.5,4bf58dd8d48988d100951735,1.0,NoCat,1.0
127,19672.0,296.0,4adccf82f964a520133021e3,-73.9883660914967,40.75254117265956,2023-05-32 00:12:00+00:00,296_3,2012-04-16 13:22:12,0.5,4bf58dd8d48988d100951735,1.0,NoCat,1.0
128,170279.0,296.0,439c437bf964a520f02b1fe3,-73.985457,40.758328,2023-05-32 00:12:00+00:00,296_21,2012-11-01 08:10:21,0.5,4bf58dd8d48988d100951735,1.0,NoCat,0.0
129,21920.0,296.0,4a7a0832f964a5203ce81fe3,-73.982692,40.745245,2023-05-32 00:12:00+00:00,296_4,2012-04-17 19:15:13,0.5,4bf58dd8d48988d100951735,1.0,NoCat,0.0
130,28452.0,1013.0,4b996536f964a520467835e3,-73.99794101715088,40.717891692153806,2023-05-32 00:12:00+00:00,1013_4,2012-04-21 05:01:58,0.5,4bf58dd8d48988d100951735,1.0,NoCat,1.0
131,55056.0,1013.0,4b996536f964a520467835e3,-73.99794101715088,40.717891692153806,2023-05-32 00:12:00+00:00,1013_8,2012-05-08 09:04:05,0.5,4bf58dd8d48988d100951735,1.0,NoCat,1.0
132,667.0,1013.0,4a19b507f964a520347a1fe3,-73.99999866268365,40.718090320753845,2023-05-32 00:12:00+00:00,1013_0,2012-04-03 18:50:37,0.5,4bf58dd8d48988d100951735,1.0,NoCat,0.0
133,46603.0,1013.0,4a8951caf964a520df0720e3,-74.00162100791931,40.714167263011184,2023-05-32 00:12:00+00:00,1013_6,2012-05-03 15:20:46,0.5,4bf58dd8d48988d100951735,1.0,NoCat,0.0
134,21836.0,733.0,4e8d318eb803ca3dfcbcaf54,-73.98887973002674,40.76087144655763,2023-05-32 00:12:00+00:00,733_6,2012-04-17 18:41:00,0.5,4bf58dd8d48988d100951735,1.0,NoCat,1.0
135,81982.0,733.0,4b0800f9f964a5202a0223e3,-74.0095067024231,40.70637212292321,2023-05-32 00:12:00+00:00,733_19,2012-05-25 09:04:24,0.5,4bf58dd8d48988d100951735,1.0,NoCat,1.0
136,221205.0,733.0,40afe980f964a5203bf31ee3,-73.98895146714219,40.75696867739112,2023-05-32 00:12:00+00:00,733_24,2013-02-02 16:29:11,0.5,4bf58dd8d48988d100951735,1.0,NoCat,0.0
137,81313.0,733.0,4dc70d3aae608779d1635fa2,-73.989731,40.762282,2023-05-32 00:12:00+00:00,733_18,2012-05-23 21:35:47,0.5,4bf58dd8d48988d100951735,1.0,NoCat,0.0
138,69331.0,271.0,4c8e330f1664b1f784329e2f,-73.99351963141778,40.7399724626845,2023-05-32 00:12:00+00:00,271_12,2012-05-15 13:25:28,0.5,4bf58dd8d48988d100951735,1.0,NoCat,1.0
139,90504.0,271.0,4c8e330f1664b1f784329e2f,-73.99351963141778,40.7399724626845,2023-05-32 00:12:00+00:00,271_13,2012-05-31 14:05:28,0.5,4bf58dd8d48988d100951735,1.0,NoCat,1.0
140,41687.0,271.0,4b1e78c2f964a520461a24e3,-73.98189067840576,40.76799670467506,2023-05-32 00:12:00+00:00,271_7,2012-04-28 16:45:13,0.5,4bf58dd8d48988d100951735,1.0,NoCat,0.0
141,111625.0,271.0,4a48080ff964a52075aa1fe3,-73.95994453399868,40.81967266642876,2023-05-32 00:12:00+00:00,271_17,2012-06-17 10:07:54,0.5,4bf58dd8d48988d100951735,1.0,NoCat,0.0
142,65214.0,74.0,4d15545cbb488cfaf6c29ed4,-74.0434956550598,40.88595663003309,2023-05-32 00:12:00+00:00,74_5,2012-05-13 14:55:39,0.5,4bf58dd8d48988d100951735,1.0,NoCat,1.0
143,669.0,74.0,4e63bfa345ddda352a235a77,-74.14161270853154,40.7725569747767,2023-05-32 00:12:00+00:00,74_0,2012-04-03 18:50:48,0.5,4bf58dd8d48988d100951735,1.0,NoCat,0.0
144,167592.0,21.0,4b61ca16f964a520f4222ae3,-73.96294644345505,40.76011192810937,2023-05-32 00:12:00+00:00,21_5,2012-10-27 10:02:58,0.5,4bf58dd8d48988d100951735,1.0,NoCat,1.0
145,63532.0,21.0,4aa978eef964a520d65320e3,-73.97446576531758,40.7622718722179,2023-05-32 00:12:00+00:00,21_3,2012-05-12 17:52:39,0.5,4bf58dd8d48988d100951735,1.0,NoCat,1.0
146,89422.0,21.0,4eb08b91e3002b5426d1a721,-73.962321,40.759154333333335,2023-05-32 00:12:00+00:00,21_4,2012-05-29 19:18:28,0.5,4bf58dd8d48988d100951735,1.0,NoCat,0.0
147,174091.0,21.0,4a7c5f48f964a52065ec1fe3,-73.99004186799563,40.738215284871565,2023-05-32 00:12:00+00:00,21_6,2012-11-10 15:44:49,0.5,4bf58dd8d48988d100951735,1.0,NoCat,0.0
148,99839.0,145.0,40d77680f964a52059011fe3,-73.992795,40.728279,2023-05-32 00:12:00+00:00,145_18,2012-06-07 19:24:57,0.5,4bf58dd8d48988d100951735,1.0,NoCat,1.0
149,98129.0,145.0,4c90005f3790199c16d8926b,-73.94514667689515,40.808262651264165,2023-05-32 00:12:00+00:00,145_17,2012-06-06 21:48:49,0.5,4bf58dd8d48988d100951735,1.0,NoCat,1.0
150,1454.0,145.0,49c27575f964a520f1551fe3,-73.9905595779419,40.73652697126574,2023-05-32 00:12:00+00:00,145_0,2012-04-04 07:29:20,0.5,4bf58dd8d48988d100951735,1.0,NoCat,0.0
151,132409.0,145.0,4f3e4c26754ab16082bb607f,-73.9854097366333,40.7411161511398,2023-05-32 00:12:00+00:00,145_23,2012-07-13 12:00:07,0.5,4bf58dd8d48988d100951735,1.0,NoCat,0.0
152,75125.0,509.0,3fd66200f964a520def11ee3,-73.99040315158283,40.73528249691621,2023-05-32 00:12:00+00:00,509_11,2012-05-18 16:58:13,0.5,4bf58dd8d48988d100951735,1.0,NoCat,1.0
153,70454.0,509.0,4a1b592ef964a520ee7a1fe3,-73.997361,40.737604,2023-05-32 00:12:00+00:00,509_9,2012-05-16 00:49:04,0.5,4bf58dd8d48988d100951735,1.0,NoCat,1.0
154,18494.0,509.0,4ada0b96f964a520b61d21e3,-73.99196440177379,40.690525226258906,2023-05-32 00:12:00+00:00,509_2,2012-04-15 16:20:49,0.5,4bf58dd8d48988d100951735,1.0,NoCat,0.0
155,770.0,509.0,40e9eb80f964a5201c0a1fe3,-73.98541049112558,40.717952061710704,2023-05-32 00:12:00+00:00,509_0,2012-04-03 19:24:26,0.5,4bf58dd8d48988d100951735,1.0,NoCat,0.0
156,134160.0,894.0,4a3d4aecf964a52012a21fe3,-73.97652626037598,40.758505337427664,2023-05-32 00:12:00+00:00,894_9,2012-07-15 16:21:08,0.5,4bf58dd8d48988d100951735,1.0,NoCat,1.0
157,61406.0,894.0,4d98ba360caaa143bdf3b3b3,-73.98807048797607,40.7646651291205,2023-05-32 00:12:00+00:00,894_4,2012-05-11 18:04:00,0.5,4bf58dd8d48988d100951735,1.0,NoCat,0.0
158,69056.0,527.0,4ab939f0f964a520967e20e3,-73.98931503295898,40.74137193935539,2023-05-32 00:12:00+00:00,527_42,2012-05-15 10:18:32,0.5,4bf58dd8d48988d100951735,1.0,NoCat,1.0
159,46099.0,527.0,4aa42b50f964a520a44520e3,-73.98928821086884,40.741672705942285,2023-05-32 00:12:00+00:00,527_30,2012-05-03 11:23:47,0.5,4bf58dd8d48988d100951735,1.0,NoCat,1.0
160,50810.0,527.0,4acfc371f964a520d2d520e3,-73.97759780287743,40.68430737873073,2023-05-32 00:12:00+00:00,527_32,2012-05-05 12:39:03,0.5,4bf58dd8d48988d100951735,1.0,NoCat,0.0
161,223976.0,527.0,4abab3bff964a5208b8220e3,-74.00298846947285,40.74307504719547,2023-05-32 00:12:00+00:00,527_87,2013-02-07 13:26:48,0.5,4bf58dd8d48988d100951735,1.0,NoCat,0.0
162,72232.0,282.0,4cd7f12a7bb06dcb988d9fb2,-73.98446559906006,40.74226610630077,2023-05-32 00:12:00+00:00,282_1,2012-05-16 19:31:15,0.5,4bf58dd8d48988d100951735,1.0,NoCat,1.0
163,75865.0,282.0,472ba436f964a520ff4b1fe3,-73.98191536325086,40.74101186443186,2023-05-32 00:12:00+00:00,282_2,2012-05-18 21:43:10,0.5,4bf58dd8d48988d100951735,1.0,NoCat,0.0
164,10857.0,827.0,4b79cb4af964a5207a122fe3,-73.80902767181396,40.77943655102251,2023-05-32 00:12:00+00:00,827_4,2012-04-11 20:06:23,0.5,4bf58dd8d48988d100951735,1.0,NoCat,1.0
165,44868.0,827.0,4ed1eb9a77c8ea62fdf51ef0,-73.80770486298724,40.78686921596957,2023-05-32 00:12:00+00:00,827_13,2012-05-01 20:42:40,0.5,4bf58dd8d48988d100951735,1.0,NoCat,1.0
166,56584.0,827.0,3fd66200f964a52020e81ee3,-73.98104874535339,40.78051373377369,2023-05-32 00:12:00+00:00,827_17,2012-05-08 21:36:56,0.5,4bf58dd8d48988d100951735,1.0,NoCat,0.0
167,56584.0,827.0,3fd66200f964a52020e81ee3,-73.98104874535339,40.78051373377369,2023-05-32 00:12:00+00:00,827_16,2012-05-08 21:36:56,0.5,4bf58dd8d48988d100951735,1.0,NoCat,0.0
168,145856.0,372.0,4d90fce35091a1cdc365c701,-73.988588,40.734853,2023-05-32 00:12:00+00:00,372_27,2012-08-10 17:59:29,0.5,4bf58dd8d48988d100951735,1.0,NoCat,1.0
169,183263.0,372.0,4afd738bf964a520e92722e3,-73.990084,40.734269,2023-05-32 00:12:00+00:00,372_35,2012-11-25 15:40:49,0.5,4bf58dd8d48988d100951735,1.0,NoCat,1.0
170,199319.0,372.0,4ace6c89f964a52078d020e3,-73.87122,40.773839,2023-05-32 00:12:00+00:00,372_41,2012-12-19 05:51:12,0.5,4bf58dd8d48988d100951735,1.0,NoCat,0.0
171,172612.0,372.0,45d78933f964a520e1421fe3,-73.983532,40.726876,2023-05-32 00:12:00+00:00,372_33,2012-11-06 19:23:05,0.5,4bf58dd8d48988d100951735,1.0,NoCat,0.0
172,48149.0,1066.0,4a69c63bf964a52006cc1fe3,-73.98325258717293,40.76330553806572,2023-05-32 00:12:00+00:00,1066_7,2012-05-04 09:07:20,0.5,4bf58dd8d48988d100951735,1.0,NoCat,1.0
173,869.0,1066.0,46b16b46f964a52098491fe3,-73.99042637629252,40.74434084563527,2023-05-32 00:12:00+00:00,1066_0,2012-04-03 20:12:48,0.5,4bf58dd8d48988d100951735,1.0,NoCat,0.0
